左家新村 ,42080.0,60.59885931558935,0,0
圣都公寓 ,33434.0,179.15894000119638,0,0
锦昌文华苑 ,56680.0,114.6788990825688,0,0
芳满庭 ,49192.0,88.4290128476175,0,0
锦绣新村 ,45884.0,45.54964693575103,0,0
清水公寓 ,48027.0,171.77837466425134,0,0
中天西城纪 ,38063.0,43.34918424716917,0,0
德胜新村 ,38697.0,55.55986252164251,0,0
仓基新村 ,48258.0,61.12976086866426,0,0
杭钢南苑 ,28888.0,58.84796455275547,0,0
蚕花园永宁坊 ,28719.0,66.1582924196525,0,0
蚕花园永安坊 ,42413.0,51.39933510951831,0,0
芳满庭 ,47886.0,80.39928162719792,0,0
大浒东苑 ,42667.0,86.24932617713924,0,0
阔板桥社区 ,32577.0,57.70942689627651,0,0
都市水乡水曲苑 ,36990.0,70.28926736955934,0,0
仓基新村 ,45377.0,40.76955285717434,0,0
田园公寓 ,29472.0,73.9685124864278,0,0
阮家居 ,38018.0,73.64932400441896,0,0
云河大厦 ,44961.0,34.02949222659638,0,0
荣华里 ,37869.0,68.12960468985186,0,0
仓基新村 ,40316.0,58.28951284849688,0,0
凯德视界 ,48639.0,87.78963383293242,0,0
盛德欣苑 ,47705.0,100.61838381720993,0,0
锦昌文华苑 ,44269.0,151.34744403532946,0,0
华盛达阅城 ,46201.0,86.57821259280102,0,0
西铭苑 ,40914.0,116.09717944957717,0,0
米市巷 ,38718.0,48.03967147063381,0,0
锦绣新村 ,41316.0,59.29906089650498,0,0
大塘新村 ,47016.0,59.128807214565256,0,0
天鸿香榭里 ,35051.0,89.86904795868877,0,0
叶青随苑 ,43491.0,71.27911521924077,0,0
蚕花园永宁坊 ,27963.0,66.15885276973142,0,0
锦绣新村 ,43823.0,51.79928348127695,0,0
大关西六苑 ,39466.0,78.54862413216439,0,0
和睦新村 ,40170.0,51.77993527508091,0,0
都市水乡水滟苑 ,31790.0,92.16734822271154,0,0
五洋运河人家 ,37623.0,53.15897190548335,0,0
大塘新村 ,41958.0,68.87840221173555,0,0
轧钢小区 ,27028.0,57.347935474322924,0,0
假山新村 ,42518.0,64.67848911049438,0,0
天阳美林湾 ,38980.0,146.22883530015392,0,0
天阳美林湾 ,38273.0,87.52906748883025,0,0
浅水湾城市花园 ,42057.0,54.44991321302042,0,0
宜家时代 ,21031.0,69.8968189815035,0,0
中天西城纪 ,36616.0,64.99890758138518,0,0
万家花城一期 ,50078.0,89.85981868285475,0,0
嘉泰馨庭 ,51395.0,36.579433797061974,0,0
浅水湾城市花园 ,51692.0,170.2391085661224,0,0
大关东九苑 ,40171.0,46.799930297976154,0,0
吉庆院 ,41471.0,44.60948614694606,0,0
塘河南村 ,35567.0,57.918857367784746,0,0
左家新村 ,45982.0,54.369100952546646,0,0
董家弄 ,39048.0,52.49948780987503,0,0
云河大厦 ,42482.0,38.839979285344384,0,0
庆云居 ,39245.0,87.909287807364,0,0
名城燕园 ,51996.0,88.46834371874759,0,0
墅林苑 ,42938.0,114.11803064884252,0,0
九龙仓碧玺 ,53462.0,187.0487449029217,0,0
双荡新村 ,40832.0,78.36990595611286,0,0
星河明苑 ,42580.0,153.82808830436824,0,0
和睦新村 ,39791.0,47.749491090950215,0,0
和睦新村 ,40174.0,48.53885597650221,0,0
蚕花园永庆坊 ,38937.0,89.88879471967537,0,0
三宝新村 ,46617.0,82.15886908209451,0,0
明园路 ,32902.0,47.10959820071728,0,0
荣华里 ,44532.0,71.85843887541543,0,0
红石中央花苑 ,60397.0,100.9983939599649,0,0
小河佳苑 ,39028.0,66.61883775750744,0,0
圣都公寓 ,35915.0,201.86551580119726,0,0
双荡新村 ,40194.0,78.36990595611286,0,0
大浒东苑 ,41396.0,90.58846265339646,0,0
天阳上河 ,50137.0,73.39888704948442,0,0
浅水湾城市花园 ,44512.0,138.8389647735442,0,0
大关东二苑 ,40077.0,62.37991865658607,0,0
万家花城一期 ,49130.0,146.54996946875636,0,0
三宝新村 ,39860.0,85.29854490717511,0,0
定海西园 ,44555.0,100.99876557064303,0,0
湖墅新村 ,50353.0,59.5793696502691,0,0
紫荆家园 ,45022.0,83.95895340055972,0,0
董家新村 ,42119.0,47.9593532609986,0,0
杭钢北苑 ,28128.0,60.43799772468714,0,0
蚕花园永庆坊 ,36892.0,104.62973002276917,0,0
蚕花园永庆坊 ,39393.0,42.13946640266037,0,0
仓基新村 ,41003.0,64.62941735970539,0,0
两宜里 ,38668.0,67.23906072204407,0,0
小河佳苑 ,35156.0,113.77858686995107,0,0
拱宸新苑 ,40523.0,60.45949214026602,0,0
和睦新村 ,39425.0,58.33861762840837,0,0
左岸花园 ,40826.0,108.99916719737422,0,0
莱德绅华府 ,44606.0,239.87804331255884,0,0
沈塘苑 ,50114.0,87.99936145588059,0,0
米市巷 ,37334.0,74.99866073820111,0,0
文一路38弄 ,48515.0,73.37936720601876,0,0
中天西城纪 ,35231.0,64.9995742385967,0,0
大关西七苑 ,43022.0,39.979545348891264,0,0
湖墅嘉园 ,45802.0,130.99864634732108,0,0
左家新村 ,48403.0,51.64969113484701,0,0
大关西八苑 ,42425.0,56.098998232174424,0,0
圣都公寓 ,37318.0,178.46615574253713,0,0
假山新村 ,44962.0,64.49891019082781,0,0
杭钢南苑 ,30657.0,71.10937143229931,0,0
凯德湖墅 ,61653.0,89.20895982352846,0,0
仓基新村 ,47968.0,79.21947965310207,0,0
上尚庭 ,54933.0,89.19957038574263,0,0
大关东四苑 ,38583.0,69.97900629811056,0,0
都市水乡水月苑 ,36475.0,81.69979437971213,0,0
清水公寓 ,55008.0,88.16899360093078,0,0
大关南六苑 ,42415.0,49.03925498054934,0,0
阳光郡 ,38162.0,88.56978145799486,0,0
南北西岸 ,43896.0,86.56825223254967,0,0
万家花城二期 ,48110.0,89.3785075867803,0,0
都市水乡水曲苑 ,36858.0,69.99837213088068,0,0
小河佳苑 ,40803.0,60.77984461926819,0,0
都市水乡水碧苑 ,36236.0,62.36891489126835,0,0
蚕花园永宁坊 ,33616.0,74.36934792955735,0,0
都市水乡水滟苑 ,31056.0,94.98969603297269,0,0
绍兴新村 ,39106.0,54.97877563545236,0,0
古新路 ,39843.0,55.969680997916825,0,0
左家新村 ,38757.0,82.04969424878087,0,0
左家新村 ,41076.0,80.33888401986562,0,0
大塘新村 ,46141.0,83.43989076959754,0,0
大关东六苑 ,34147.0,81.99841860192696,0,0
锦绣文澜阁 ,37879.0,131.9992608041395,0,0
清水公寓 ,58427.0,88.99994865387578,0,0
大浒东苑 ,41100.0,81.50851581508516,0,0
稻香园南区 ,48335.0,76.54908451432709,0,0
信义坊 ,43484.0,75.88998252230705,0,0
凯德视界 ,50842.0,88.50950001966878,0,0
五洋运河人家 ,37485.0,54.68854208350007,0,0
小河佳苑 ,36313.0,93.07961336160604,0,0
东方福邸 ,47096.0,63.69967725496858,0,0
丽晶湾 ,45765.0,89.58811318693324,0,0
莫干新村 ,41922.0,68.699012451696,0,0
天鸿香榭里 ,37485.0,133.38668800853674,0,0
大塘新村 ,45221.0,56.3897304349749,0,0
吉庆院 ,44526.0,38.17993981044783,0,0
锦绣新村 ,38362.0,92.53949220582868,0,0
左家新村 ,46311.0,63.699768953380406,0,0
五洋运河人家 ,39480.0,94.47821681864235,0,0
蚕花园永安坊 ,37619.0,61.139317897870754,0,0
九龙仓珑玺 ,48452.0,89.77957566251135,0,0
蚕花园永庆坊 ,41333.0,56.129484915200926,0,0
绿城西子田园牧歌 ,40725.0,147.32965009208104,0,0
维元弄 ,43069.0,66.86944205809283,0,0
杭钢南苑 ,32722.0,55.008862538964614,0,0
南北西岸 ,48599.0,88.47918681454351,0,0
芳满庭 ,49130.0,80.39894158355384,0,0
杭钢南苑 ,28724.0,73.10959476396044,0,0
文一路38弄 ,47886.0,62.64879087833605,0,0
塘河北村 ,32751.0,63.50951115996458,0,0
芳满庭 ,49715.0,87.49874283415468,0,0
都市水乡水映苑 ,33794.0,100.60957566431911,0,0
大关东八苑 ,47306.0,59.18910920390648,0,0
绿城西子田园牧歌 ,41751.0,108.97942564249958,0,0
稻香园高层公寓 ,44519.0,125.78898897100115,0,0
浅水湾城市花园 ,47675.0,171.9979024646041,0,0
和睦院 ,39896.0,72.68899137758171,0,0
稻香园南区 ,42596.0,110.33899896703916,0,0
都市水乡水曲苑 ,32552.0,91.23863357090194,0,0
风景大院 ,55326.0,86.75848606441818,0,0
锦绣新村 ,45681.0,56.25971410433222,0,0
三宝新村 ,36982.0,99.50786869287762,0,0
德胜新村 ,38774.0,56.739051942023,0,0
都市水乡水清苑 ,31706.0,94.61931495615971,0,0
天阳美林湾 ,39008.0,84.59803117309269,0,0
荣华里 ,37572.0,54.0295965080379,0,0
大关东七苑 ,39567.0,58.129249121742866,0,0
都市水乡水映苑 ,30967.0,96.87732101914942,0,0
杭钢南苑 ,28383.0,65.17986118451185,0,0
富越香郡 ,45434.0,88.03979398688207,0,0
天阳美林湾 ,38533.0,108.99748267718579,0,0
裕兴苑 ,40724.0,66.29997053334642,0,0
丽晶湾 ,42416.0,120.23764617125613,0,0
小河东村 ,44287.0,79.02996364621673,0,0
凯德视界 ,47842.0,87.78897203294177,0,0
都市水乡水曲苑 ,35012.0,89.96915343310864,0,0
稻香园南区 ,44634.0,98.57955818434377,0,0
假山新村 ,47051.0,82.88878025971817,0,0
锦绣新村 ,45665.0,45.549107631665386,0,0
米市新村 ,40775.0,68.6695278969957,0,0
吉庆院 ,39018.0,69.1988313086268,0,0
锦绣新村 ,43358.0,54.19991697033996,0,0
天阳美林湾 ,35956.0,88.99766381132495,0,0
杭钢北苑 ,29375.0,78.29787234042553,0,0
文一路38弄 ,38713.0,73.61868106320874,0,0
小河佳苑 ,36968.0,127.13698333694006,0,0
塘河北村 ,36095.0,78.95830447430392,0,0
远东新月公寓 ,48875.0,122.55754475703324,0,0
五一新村 ,44136.0,82.6989305782128,0,0
娑婆新村 ,36414.0,91.99758334706432,0,0
大关东七苑 ,43838.0,58.168712076280855,0,0
仓基新村 ,53542.0,53.789548391916625,0,0
哑巴弄 ,39258.0,37.699322431096846,0,0
锦绣新村 ,44240.0,53.11934900542496,0,0
中天西城纪 ,40590.0,41.38950480413895,0,0
昆仑橡树园 ,58448.0,64.15959485354503,0,0
蚕花园永和坊 ,36105.0,48.46974103309791,0,0
莫干新村 ,48415.0,41.30951151502634,0,0
名城燕园 ,53660.0,87.58852031308237,0,0
中天西城纪 ,38373.0,42.99898366038621,0,0
墅林苑 ,45225.0,65.2294085129906,0,0
信义坊 ,39016.0,68.68976830018454,0,0
杭钢南苑 ,30020.0,71.61892071952032,0,0
沈塘铭苑 ,47216.0,61.419857675364284,0,0
星河明苑 ,48183.0,45.65925741444078,0,0
嘉泰馨庭 ,50372.0,37.71936790280314,0,0
南北西岸 ,45763.0,88.49944278128619,0,0
蚕花园永兴坊 ,39460.0,65.88950836289914,0,0
左家新村 ,44439.0,78.75964805688697,0,0
凯德视界 ,47942.0,70.91902715781569,0,0
左家新村 ,44394.0,77.93846015227282,0,0
左岸花园 ,44768.0,89.34953538241601,0,0
大关东三苑 ,41650.0,73.22929171668667,0,0
左岸花园 ,40529.0,90.05897012016088,0,0
德胜新村 ,38962.0,57.7485755351368,0,0
杭钢西苑 ,25655.0,76.00857532644709,0,0
名城燕园 ,51947.0,87.58927368279208,0,0
五洋运河人家 ,38396.0,69.79893738931139,0,0
定海西园 ,43414.0,73.70894181600406,0,0
大关西六苑 ,38688.0,64.61952026468155,0,0
大关东三苑 ,40963.0,54.43937211630008,0,0
大关西八苑 ,40096.0,58.609337589784516,0,0
大关南五苑 ,42227.0,52.09936770312833,0,0
蚕花园永兴坊 ,33246.0,64.66943391686218,0,0
一清新村 ,46584.0,71.26910527219646,0,0
大浒东苑 ,40149.0,113.32785374480062,0,0
大关南九苑 ,40656.0,86.08815426997245,0,0
小河佳苑 ,38493.0,74.0394357415634,0,0
运河东苑 ,40363.0,91.66811188464683,0,0
稻香园北区 ,38895.0,71.98868749196555,0,0
和睦新村 ,40019.0,64.96913965866213,0,0
蚕花园永兴坊 ,37519.0,66.09984274634185,0,0
小河佳苑 ,40767.0,45.37984153849928,0,0
大关南七苑 ,42134.0,33.93933640290502,0,0
湖墅新村 ,45535.0,57.0989348852531,0,0
雍荣华庭 ,47717.0,88.01894503007314,0,0
大关西七苑 ,41912.0,54.39969459820576,0,0
仓基新村 ,51412.0,49.59931533494126,0,0
荣华里 ,39187.0,66.34853395258632,0,0
德胜新村 ,37730.0,55.65862708719852,0,0
万家花城一期 ,51686.0,88.998955229656,0,0
中国铁建国际汇 ,29014.0,36.18942579444406,0,0
小河东河下69号 ,68559.0,72.92988520836069,0,0
德胜新村 ,41914.0,59.16877415660638,0,0
勤丰小区 ,45439.0,55.45896696670261,0,0
大关南四苑 ,40243.0,105.60842879506995,0,0
大关东一苑 ,37884.0,79.18910357934749,0,0
依锦苑 ,31514.0,110.42711175985276,0,0
和睦新村 ,38256.0,52.279381012128816,0,0
田园公寓 ,28572.0,111.99776004479911,0,0
大关西八苑 ,42669.0,70.30865499542993,0,0
蚕花园永安坊 ,38750.0,64.0,0,0
蚕花园永宁坊 ,28936.0,86.39756704451203,0,0
蚕花园永兴坊 ,37906.0,53.28971666754604,0,0
蚕花园永庆坊 ,35588.0,70.24839833651792,0,0
五一新村 ,46949.0,66.02909540139301,0,0
稻香园南区 ,48034.0,77.02877128700504,0,0
阔板桥社区 ,33064.0,68.04984272925236,0,0
吉庆院 ,41048.0,51.15961800818554,0,0
庆隆苑 ,33710.0,163.15633343221597,0,0
浅水湾城市花园 ,49169.0,167.78864731843234,0,0
湖墅嘉园 ,46688.0,133.86737491432487,0,0
左岸花园 ,32485.0,156.99553640141605,0,0
中天西城纪 ,37295.0,40.219868615095855,0,0
广兴新村 ,49098.0,87.57994215650332,0,0
湖墅新村 ,43479.0,97.05835000804986,0,0
大关东四苑 ,39937.0,63.34977589703784,0,0
叶青苑 ,47134.0,64.70912716934697,0,0
蚕花园永宁坊 ,40558.0,39.449677005769516,0,0
蚕花园永安坊 ,37518.0,50.10928087851165,0,0
荣华里 ,40454.0,67.97844465318633,0,0
绿城西子田园牧歌 ,43340.0,87.67881864328565,0,0
伟华苑小区 ,40296.0,59.55926146515783,0,0
德信北海公园 ,44889.0,89.10869032502394,0,0
贾家弄新村 ,45483.0,65.95870984763538,0,0
蚕花园永宁坊 ,31544.0,74.49911235100177,0,0
浪琴翠园 ,45838.0,130.45944412932502,0,0
都市水乡水滟苑 ,33809.0,79.2688337424946,0,0
假山新村 ,46677.0,62.12909998500332,0,0
大关东三苑 ,42333.0,73.22892306238631,0,0
大关西四苑 ,36069.0,77.6289888824198,0,0
米市新村 ,43533.0,55.8197229687823,0,0
都市水乡水滟苑 ,32813.0,95.99853716514797,0,0
德胜新村 ,38035.0,63.09977652162482,0,0
沈塘东村 ,41571.0,47.62935700368045,0,0
都市水乡水滟苑 ,30996.0,98.39979352174474,0,0
日森大厦 ,34445.0,89.99854841050951,0,0
田园河畔居 ,32274.0,85.20790729379686,0,0
大关东一苑 ,41890.0,67.31916925280497,0,0
三宝新村 ,42599.0,46.94945890748609,0,0
德胜新村 ,39470.0,63.339244996199646,0,0
蚕花园永安坊 ,39197.0,61.22917570222211,0,0
大关南三苑 ,45609.0,76.73924006226841,0,0
德胜新村 ,36260.0,59.569773855488144,0,0
大关西三苑 ,41519.0,75.8688793082685,0,0
莫干新村 ,47985.0,51.84953631343128,0,0
嘉泰馨庭 ,51106.0,120.3381207685986,0,0
和睦路5号 ,42851.0,40.13908660241301,0,0
大关东六苑 ,41862.0,62.10883378720558,0,0
左家新村 ,43565.0,80.33972225410307,0,0
联合世纪新筑 ,48581.0,92.62880550009262,0,0
大关南七苑 ,41526.0,58.999181235852234,0,0
都市水乡水滟苑 ,34849.0,96.1290137450142,0,0
左岸花园 ,36544.0,109.45709281961472,0,0
绿城西子田园牧歌 ,35531.0,163.23773606146744,0,0
融信蓝孔雀 ,53758.0,89.2890360504483,0,0
锦绣新村 ,38722.0,76.95883477093125,0,0
中天西城纪 ,39782.0,40.21919461062792,0,0
稻香园北区 ,39978.0,104.55750662864575,0,0
左岸花园 ,32829.0,196.77723963568795,0,0
庆隆苑 ,41469.0,65.10887651016422,0,0
凯德龙湾 ,54941.0,252.9986713019421,0,0
东方福邸 ,60607.0,230.99641955549689,0,0
东方福邸 ,62232.0,88.37896901915413,0,0
浅水湾城市花园 ,48757.0,200.9967799495457,0,0
顺发吉祥半岛 ,55582.0,87.25846497067396,0,0
上尚庭 ,51553.0,88.25868523655268,0,0
都市水乡水碧苑 ,38343.0,67.80898729885507,0,0
嘉泰馨庭 ,51487.0,67.58987705634432,0,0
大塘新村 ,46864.0,69.34960737453055,0,0
名城公馆 ,58513.0,88.86914019106865,0,0
杭钢北苑 ,28902.0,65.73939519756418,0,0
莫干山路70号 ,43833.0,51.55932744735701,0,0
和睦院 ,39534.0,48.05989780948045,0,0
红石中央花苑 ,56463.0,129.28820643607318,0,0
新安天苑 ,34577.0,147.49689099690545,0,0
大关西六苑 ,38144.0,78.6493288590604,0,0
顺发吉祥半岛 ,53002.0,75.46885023206671,0,0
大关南六苑 ,38481.0,80.5592370260648,0,0
和新南苑 ,43816.0,99.27880226401315,0,0
新安天苑 ,36931.0,86.64807343424224,0,0
东方福邸 ,48744.0,65.64910553093713,0,0
庆隆苑 ,43660.0,96.1978928080623,0,0
小河佳苑 ,40249.0,74.03910656165371,0,0
左岸花园 ,38446.0,117.04728710399002,0,0
信义坊 ,41385.0,106.3187145100882,0,0
顺发吉祥半岛 ,54441.0,77.69879318895686,0,0
名城燕园 ,52974.0,87.77891040887982,0,0
叶青随苑 ,48617.0,86.38953452496041,0,0
假山新村 ,41144.0,97.21952167995333,0,0
庆隆苑 ,43005.0,65.10870828973376,0,0
耀翔悦尚 ,37705.0,121.99973478318526,0,0
假山新村 ,48604.0,56.579705374043286,0,0
大关西五苑 ,41926.0,57.95926155607499,0,0
蚕花园永庆坊 ,39195.0,56.12960836841434,0,0
大关西七苑 ,45589.0,54.39908749917743,0,0
左家新村 ,45364.0,74.9492990036152,0,0
阳光郡 ,41532.0,89.08793219686025,0,0
西铭苑 ,41494.0,113.26938834530293,0,0
东方福邸 ,50461.0,317.0765541705475,0,0
美都广场 ,25211.0,35.69870294712626,0,0
德胜新村 ,40253.0,57.13859836533923,0,0
米市巷 ,40907.0,63.55880411665485,0,0
定海西园 ,42299.0,75.17908224780727,0,0
阔板桥社区 ,27460.0,43.69992716678806,0,0
普金家园 ,34680.0,98.03921568627452,0,0
中天西城纪 ,40000.0,65.0,0,0
清水公寓 ,51143.0,322.6247971374382,0,0
清水公寓 ,59891.0,225.40949391394366,0,0
稻香园北区 ,43994.0,104.55971268809382,0,0
莱德绅华府 ,50095.0,89.82932428386067,0,0
东方福邸 ,63964.0,179.78863110499657,0,0
天阳美林湾 ,39098.0,132.9991303903013,0,0
富越香郡 ,41459.0,88.03878530596494,0,0
九龙仓碧玺 ,72220.0,207.6986984214899,0,0
东方福邸 ,57447.0,234.99921666927776,0,0
浅水湾城市花园 ,49855.0,164.47698325142915,0,0
阳光郡 ,35392.0,178.00632911392404,0,0
黄龙金茂悦 ,51416.0,138.08931072039832,0,0
都市水乡水映苑 ,30029.0,99.2374038429518,0,0
都市水乡水映苑 ,35378.0,80.55853920515575,0,0
新河坝 ,47154.0,113.45803113203546,0,0
大关南八苑 ,41919.0,61.30871442543954,0,0
仓基新村 ,42810.0,51.38986218173324,0,0
仓基新村 ,40515.0,51.33901024311983,0,0
湖墅南路251号 ,39715.0,50.358806496286036,0,0
和睦新村 ,44100.0,47.61904761904762,0,0
绿城西子田园牧歌 ,40970.0,87.86917256529168,0,0
荣华里 ,36490.0,50.69882159495752,0,0
天阳美林湾 ,38889.0,107.99969142945307,0,0
德信北海公园 ,45358.0,89.28965121918957,0,0
雍荣华庭 ,48000.0,87.5,0,0
东方福邸 ,55355.0,88.51955559570048,0,0
湖墅新村 ,48722.0,49.25906161487624,0,0
米市新村 ,43576.0,49.33908573526712,0,0
浅水湾城市花园 ,47979.0,281.99837428875134,0,0
绿城慧园 ,57292.0,191.99888291559031,0,0
阳光郡 ,38853.0,130.74923429336215,0,0
香吉公寓 ,41969.0,135.0997164573852,0,0
凯德龙湾 ,51810.0,235.47577687705075,0,0
天阳尚景国际 ,63207.0,126.56825984463747,0,0
和睦院 ,25677.0,35.82973088756474,0,0
都市水乡水映苑 ,30894.0,103.57998316825274,0,0
稻香园南区 ,37220.0,99.40891993551854,0,0
米市巷 ,39541.0,90.53893427075694,0,0
大关西四苑 ,39720.0,85.59919436052367,0,0
左家新村 ,49949.0,68.06943081943582,0,0
凯德视界 ,48544.0,72.0995385629532,0,0
吉庆院 ,40799.0,57.599450966935464,0,0
信步闲庭 ,53091.0,97.56832608163342,0,0
和睦院 ,28986.0,34.49941350997033,0,0
半道红小区 ,48774.0,71.75954401935458,0,0
大关东五苑 ,39377.0,59.6795083424334,0,0
都市水乡水映苑 ,35575.0,81.51791988756149,0,0
凯德视界 ,49086.0,88.61997310842196,0,0
和睦南苑 ,37210.0,75.24858908895459,0,0
勤丰小区 ,45011.0,91.08884494901247,0,0
凯德视界 ,49086.0,88.61997310842196,0,0
荣华里 ,41052.0,55.53931598947676,0,0
华盛达阅城 ,46523.0,88.12845259334092,0,0
名城燕园 ,54944.0,126.12842166569598,0,0
富越香郡 ,46187.0,88.76956719423214,0,0
塘河新村 ,41638.0,57.63965608338537,0,0
蚕花园永和坊 ,37193.0,86.03769526523809,0,0
蚕花园永庆坊 ,36563.0,73.29814293137872,0,0
名城燕园 ,49371.0,88.10840371878228,0,0
万家花城二期 ,59809.0,75.23951244795934,0,0
凯德视界 ,51490.0,81.56923674499903,0,0
大关西七苑 ,41526.0,58.999181235852234,0,0
杭钢南苑 ,32927.0,67.11817049837519,0,0
紫荆家园 ,45146.0,161.69760333141363,0,0
阳光郡 ,39326.0,88.99964400142399,0,0
东方福邸 ,59419.0,84.9896497753244,0,0
景上公寓 ,50833.0,92.4596226860504,0,0
米市新村 ,43679.0,84.7088990132558,0,0
首开望宸 ,37573.0,87.82902616240385,0,0
庆隆苑 ,41225.0,111.09763493026077,0,0
首开望宸 ,31917.0,87.7275433154745,0,0
大关南五苑 ,39766.0,52.80893225368405,0,0
雍荣华庭 ,43919.0,89.93829549853139,0,0
宜家时代 ,20029.0,69.89864696190524,0,0
雍荣华庭 ,48877.0,88.99891564539558,0,0
清水公寓 ,45725.0,168.39803171131766,0,0
沈塘铭苑 ,45138.0,45.85936461518011,0,0
清水公寓 ,33770.0,76.39917086171158,0,0
云河大厦 ,38236.0,50.99905847892039,0,0
雍荣华庭 ,46505.0,139.7699172132029,0,0
昆仑橡树园 ,47298.0,81.39879064653897,0,0
都市水乡水曲苑 ,30039.0,95.20956090415793,0,0
豪曹巷 ,38194.0,74.61905011258312,0,0
天时苑 ,43926.0,61.239357100578246,0,0
蚕花园永兴坊 ,36341.0,62.73905506177596,0,0
大关西四苑 ,37420.0,82.30892570817744,0,0
三宝新村 ,36468.0,64.98848305363606,0,0
黄龙金茂悦 ,51271.0,128.72774082814846,0,0
左家新村 ,37782.0,82.04965327404584,0,0
新安天苑 ,37212.0,102.11759647425562,0,0
大关西八苑 ,39881.0,70.20887139239237,0,0
景瑞悦西台 ,70641.0,138.72963293271613,0,0
景瑞悦西台 ,56577.0,89.25888611980133,0,0
新城金镶玉 ,52500.0,80.0,0,0
万家花城一期 ,50006.0,89.9892012958445,0,0
天阳美林湾 ,38821.0,114.62868035341697,0,0
万家花城二期 ,53216.0,88.31930246542393,0,0
双荡新村 ,40986.0,77.09949738935246,0,0
双荡新村 ,40618.0,75.08986163769757,0,0
德信银树湾 ,48355.0,107.53800020680384,0,0
左岸花园 ,38855.0,93.93900398919058,0,0
锦昌文华苑 ,44990.0,149.5887975105579,0,0
锦绣家园 ,50000.0,190.0,0,0
锦昌文华苑 ,50021.0,121.94878151176506,0,0
稻香园南区 ,33639.0,109.39683105918725,0,0
和新南苑 ,44497.0,64.04926174798301,0,0
方家花苑 ,35488.0,92.98917944093778,0,0
锦绣新村 ,43075.0,60.359837492745214,0,0
方正荷塘月色 ,40565.0,89.97904597559473,0,0
名城燕园 ,52518.0,87.58901709889942,0,0
阳光郡 ,38388.0,88.56934458685005,0,0
湖墅新村 ,45860.0,54.949847361535106,0,0
九龙仓碧玺 ,98974.0,217.22876715096893,0,0
中天西城纪 ,33675.0,34.14996288047513,0,0
银河嘉园 ,42501.0,105.87986165031411,0,0
胜月苑 ,43011.0,88.34949199042106,0,0
天时苑 ,48936.0,45.56972372077816,0,0
天阳美林湾 ,36335.0,88.0693546167607,0,0
云河大厦 ,42157.0,50.999833954028986,0,0
维元弄 ,38691.0,72.36825101444781,0,0
蚕花园永兴坊 ,41284.0,53.2894099408972,0,0
大塘新村 ,41957.0,41.70936911599971,0,0
大关西六苑 ,41839.0,72.89849183775902,0,0
广宇万科公园里 ,39958.0,131.8884829070524,0,0
蚕花园永庆坊 ,42258.0,36.67944531213025,0,0
沈塘铭苑 ,46503.0,49.45917467690256,0,0
半道红小区 ,44994.0,56.22971951815798,0,0
凯德视界 ,50648.0,71.0788185120834,0,0
都市水乡水映苑 ,34766.0,80.53845711327159,0,0
左家新村 ,41699.0,77.93951893330775,0,0
都市水乡水映苑 ,38293.0,79.64902201446739,0,0
中天西城纪 ,36549.0,40.219978658786836,0,0
仓基新村 ,41805.0,51.42925487381892,0,0
昆仑橡树园 ,49683.0,130.82945876859287,0,0
上尚庭 ,52482.0,77.16931519378072,0,0
风景大院 ,52994.0,88.68928557949957,0,0
大关东一苑 ,41446.0,62.24967427496019,0,0
富越香郡 ,44866.0,88.03994115811528,0,0
定海西园 ,42769.0,51.43912647010686,0,0
大关西五苑 ,39364.0,58.429021440910475,0,0
亲仁里 ,38462.0,49.39940720711351,0,0
三宝新村 ,39134.0,71.54903664332805,0,0
大关西三苑 ,39638.0,58.52969372824058,0,0
金隅田员外 ,27662.0,124.71983226086329,0,0
三宝新村 ,36399.0,51.649770598093355,0,0
日森大厦 ,44223.0,89.99841711326685,0,0
朗诗田园绿郡 ,33416.0,89.77735216662677,0,0
沈塘东村 ,41959.0,45.758955170523606,0,0
仓基新村 ,53730.0,31.63967988088591,0,0
金隅田员外 ,31495.0,125.4167328147325,0,0
绿城西子田园牧歌 ,40180.0,149.32802389248383,0,0
杭钢南苑 ,33509.0,55.209048315377956,0,0
金隅田员外 ,30049.0,121.46826849479184,0,0
首开望宸 ,36414.0,87.8782885703301,0,0
金地繁华里 ,45506.0,88.99925284577859,0,0
五一新村 ,39361.0,82.56904042072102,0,0
金隅田员外 ,25658.0,124.71743705666849,0,0
西铭苑 ,39744.0,116.9987922705314,0,0
米市新村 ,43094.0,67.75885274052072,0,0
清水公寓 ,44915.0,144.7178002894356,0,0
荣华里 ,36367.0,67.36876838892402,0,0
一清新村 ,44863.0,69.09925774023137,0,0
普金家园 ,40462.0,49.429093964707626,0,0
星河明苑 ,49278.0,45.65932058930963,0,0
正兴堂弄 ,41788.0,58.62927156121375,0,0
一清新村 ,45198.0,74.33957254745785,0,0
德信北海公园 ,45647.0,87.62897890332333,0,0
方正荷塘月色 ,36118.0,88.5984827509829,0,0
左家新村 ,40630.0,78.75953728771843,0,0
普金家园 ,37300.0,134.04825737265415,0,0
中天西城纪 ,37385.0,64.99933128259997,0,0
天阳美林湾 ,38746.0,109.68874206369689,0,0
中天西城纪 ,36924.0,64.99837504062398,0,0
蚕花园永兴坊 ,33153.0,62.739420263626215,0,0
绿城西子田园牧歌 ,36480.0,168.58552631578948,0,0
稻香园南区 ,42792.0,91.13853056646101,0,0
大浒西苑 ,44654.0,83.97903883190756,0,0
绿城西子田园牧歌 ,42832.0,88.71871497945462,0,0
庆隆苑 ,42237.0,65.10879087056372,0,0
芳满庭 ,55484.0,84.70910532766203,0,0
绿城慧园 ,60688.0,88.97969944634853,0,0
上尚庭 ,52638.0,89.28910672897906,0,0
庆隆苑 ,42234.0,63.92953544537576,0,0
天阳美林湾 ,37607.0,116.99949477490892,0,0
锦绣新村 ,42325.0,95.68812758417012,0,0
仓基新村 ,47512.0,79.97979457821182,0,0
中国铁建国际汇 ,48003.0,84.36972689206925,0,0
南北西岸 ,49644.0,78.55934251873339,0,0
稻香园南区 ,46531.0,73.06956652554211,0,0
拱苑小区 ,35432.0,107.24768570783472,0,0
田园河畔居 ,33608.0,93.72768388478933,0,0
新安天苑 ,38945.0,102.70894851713956,0,0
德胜新村 ,41995.0,55.959042743183716,0,0
金隅田员外 ,25000.0,128.0,0,0
庆隆苑 ,40219.0,98.9582038340088,0,0
小河路 ,48335.0,57.92903692976104,0,0
首开望宸 ,35280.0,87.86848072562358,0,0
德信北海公园 ,47198.0,84.74935378617738,0,0
定海东园 ,39375.0,88.88888888888889,0,0
徐公巷 ,44960.0,42.25978647686833,0,0
中国铁建国际汇 ,24495.0,48.98958971218616,0,0
中天西城纪 ,29376.0,40.849673202614376,0,0
金隅田员外 ,30079.0,127.99627647195717,0,0
金隅田员外 ,30152.0,87.88803396126293,0,0
吉如家园 ,43122.0,93.91957701405315,0,0
大关西四苑 ,40073.0,66.12931400194645,0,0
凯德湖墅 ,56583.0,89.24942120424862,0,0
上尚庭 ,54119.0,89.70971377889465,0,0
仓基新村 ,42525.0,52.43974132863022,0,0
东方福邸 ,61097.0,196.4089889847292,0,0
锦昌文华苑 ,55015.0,126.32918295010451,0,0
左岸花园 ,38041.0,143.26647564469914,0,0
中天西城纪 ,53403.0,65.53938917289291,0,0
中国铁建国际汇 ,32406.0,39.49885823612911,0,0
易构大厦 ,12753.0,82.33356857210069,0,0
中天西城纪 ,36616.0,64.99890758138518,0,0
绿城慧园 ,64045.0,88.99992192989305,0,0
红杉雅园 ,28307.0,44.158688663581444,0,0
万物桥巷 ,37541.0,83.90826030206973,0,0
左家新村 ,40790.0,75.99901936749204,0,0
大关东七苑 ,39239.0,77.72879023420576,0,0
联合世纪新筑 ,47117.0,146.0194834136299,0,0
宜家时代 ,20326.0,86.09662501229951,0,0
香吉公寓 ,37735.0,133.82801113025042,0,0
和新北苑 ,46603.0,81.53981503336695,0,0
大浒西苑 ,44187.0,93.91902595786091,0,0
叶青随苑 ,50628.0,86.11835348028758,0,0
信义坊 ,45948.0,126.22965090972403,0,0
德信北海公园 ,45263.0,85.05843625035901,0,0
大关西五苑 ,41724.0,58.23986194995686,0,0
拱苑小区 ,35718.0,97.98980905985778,0,0
都市水乡水涟苑 ,32894.0,100.01824040858516,0,0
德信银树湾 ,52381.0,129.8180638017602,0,0
五一新村 ,44712.0,103.99892646269458,0,0
万家花城一期 ,52310.0,89.84897725100363,0,0
大关西七苑 ,38895.0,58.61935981488623,0,0
远洋公馆 ,70919.0,90.94882894569861,0,0
名城公馆 ,66094.0,90.7797984688474,0,0
星河明苑 ,47663.0,65.039968109435,0,0
米市巷 ,46713.0,52.01978036092736,0,0
浪琴翠园 ,42115.0,129.40757449839725,0,0
万家花城一期 ,51984.0,88.48876577408433,0,0
定海东园 ,45541.0,74.43841812871918,0,0
小河路 ,55129.0,50.78996535398792,0,0
大浒东苑 ,45478.0,59.369365407449756,0,0
和睦新村 ,41820.0,49.01960784313726,0,0
大关东三苑 ,41324.0,49.849966121382245,0,0
德信银树湾 ,48434.0,87.74827600445968,0,0
名城公馆 ,57261.0,89.93905101203262,0,0
叶青随苑 ,41272.0,73.89998061639852,0,0
天阳上河 ,48366.0,73.39866848612662,0,0
信步闲庭 ,47726.0,129.9082261241252,0,0
和新南苑 ,43156.0,60.70998238947076,0,0
蚕花园永庆坊 ,31659.0,72.64916769323099,0,0
锦昌文华苑 ,51437.0,122.47992690086902,0,0
易构大厦 ,15862.0,39.71756398940865,0,0
左家新村 ,43372.0,53.02960435303883,0,0
圣都公寓 ,49414.0,48.56923139191322,0,0
云河大厦 ,41968.0,38.839115516584066,0,0
天阳上河 ,51952.0,86.61841700030797,0,0
吉庆院 ,39288.0,38.179596823457544,0,0
蓝钻天成 ,30574.0,42.51978805521031,0,0
小河佳苑 ,35115.0,193.6494375622953,0,0
云河大厦 ,41248.0,34.78956555469356,0,0
大关东一苑 ,44175.0,66.77985285795133,0,0
联合世纪新筑 ,51344.0,146.26830788407602,0,0
大关东三苑 ,35180.0,76.74815235929505,0,0
德胜新村 ,35151.0,58.31982020426162,0,0
香吉公寓 ,35526.0,123.28998479986488,0,0
五一新村 ,37677.0,95.54900867903496,0,0
墅林苑 ,42601.0,76.28928898382667,0,0
方家花苑 ,39929.0,138.99671917653836,0,0
莱德绅华府 ,54601.0,86.07900954194979,0,0
和睦路9号 ,37524.0,53.299221831361265,0,0
和睦新村 ,38794.0,65.98958601845646,0,0
大关南六苑 ,37439.0,50.74921872913272,0,0
莫干山路46号 ,36226.0,56.58919008446972,0,0
吉庆院 ,38668.0,63.35988414192614,0,0
大关南八苑 ,40619.0,76.31896403161082,0,0
田园河畔居 ,32488.0,98.49790691947796,0,0
蚕花园永宁坊 ,27927.0,67.31836573924876,0,0
董家弄 ,44608.0,50.43938307030129,0,0
都市水乡水映苑 ,33268.0,100.69736683900445,0,0
芳满庭 ,49060.0,63.79942927028129,0,0
华盛达阅城 ,47446.0,136.99785018758166,0,0
万家花城一期 ,50398.0,89.28925751021866,0,0
三宝新村 ,41171.0,57.07901192587015,0,0
假山新村 ,42507.0,82.33937939633472,0,0
墅林苑 ,41924.0,77.9982826066215,0,0
一清新村 ,37357.0,86.998420644056,0,0
假山新村 ,41927.0,78.70823097288144,0,0
大关南六苑 ,39796.0,52.76912252487687,0,0
和睦院 ,40314.0,131.4679763853748,0,0
长征桥路48弄 ,40531.0,64.14842959709851,0,0
红石中央花苑 ,60628.0,113.80880121396055,0,0
假山新村 ,43077.0,64.9998839287787,0,0
广兴新村 ,49682.0,39.24962763173785,0,0
都市水乡水涟苑 ,29530.0,132.74635963427022,0,0
哑巴弄 ,39288.0,76.35919364691509,0,0
和睦新村 ,39564.0,67.73834799312506,0,0
左岸花园 ,40450.0,88.99876390605687,0,0
裕兴苑 ,39249.0,84.07857525032485,0,0
正中尚品庭院 ,50353.0,89.36905447540364,0,0
都市水乡水曲苑 ,32030.0,103.02841086481423,0,0
和睦新村 ,42044.0,37.57967843211873,0,0
庆隆苑 ,38654.0,87.95984891602421,0,0
都市水乡水映苑 ,40728.0,69.23983500294638,0,0
仓基新村 ,50986.0,58.839681481190915,0,0
沈塘铭苑 ,49274.0,54.38973901043146,0,0
大关东七苑 ,40916.0,78.2090135888161,0,0
蚕花园永和坊 ,34283.0,79.3396143861389,0,0
小河佳苑 ,37635.0,92.99853859439352,0,0
天阳上河 ,52856.0,87.0289087331618,0,0
信义新村 ,42463.0,56.519793702752985,0,0
普金家园 ,34140.0,51.259519625073224,0,0
大关西三苑 ,43739.0,58.529001577539496,0,0
大关东一苑 ,39009.0,68.95844548693891,0,0
名城燕园 ,50148.0,84.74914253808726,0,0
西铭苑 ,40678.0,117.99990166674861,0,0
绿城西子田园牧歌 ,41539.0,87.86923132477912,0,0
大浒西苑 ,45968.0,61.99965193177863,0,0
嘉泰馨庭 ,50496.0,110.89987325728771,0,0
德信银树湾 ,50742.0,87.6985534665563,0,0
仓基新村 ,41960.0,71.25834127740706,0,0
塘河南村 ,41339.0,50.799487167081935,0,0
东方福邸 ,57958.0,86.26936747299769,0,0
东方福邸 ,56580.0,61.85931424531637,0,0
杭钢西苑 ,31046.0,57.97848354055273,0,0
中国铁建国际汇 ,52031.0,119.15973169841057,0,0
阳光郡 ,41532.0,89.08793219686025,0,0
金都清宸公寓 ,40947.0,98.90834493369478,0,0
正兴堂弄 ,38911.0,56.53928195111922,0,0
首开望宸 ,36418.0,87.86863638859904,0,0
雍景湾 ,51730.0,89.88981248791804,0,0
吉兴公寓 ,45799.0,75.32915565842049,0,0
紫荆家园 ,50638.0,78.39962083810578,0,0
中国铁建国际汇 ,50701.0,87.76947200252461,0,0
米市巷 ,42247.0,40.23954363623452,0,0
蓝钻天成 ,30710.0,43.959622272875286,0,0
东方福邸 ,60241.0,87.97994721203168,0,0
银都大厦 ,35556.0,44.99943750703116,0,0
美都广场 ,17643.0,37.40860397891515,0,0
荣华里 ,44711.0,52.55977276285478,0,0
华盛达阅城 ,42778.0,123.42793024451821,0,0
中粮天悦大悦城 ,48257.0,136.7677228174151,0,0
天鸿香榭里 ,35707.0,89.89833926120929,0,0
左岸花园 ,35048.0,139.80826295366356,0,0
绿城慧园 ,55414.0,86.2597899447793,0,0
电炉生活区 ,28342.0,52.21932114882507,0,0
湖墅新村 ,47707.0,49.25901859265936,0,0
阳光郡 ,38616.0,137.24880878392375,0,0
宋都香悦郡 ,33455.0,131.51995217456283,0,0
杭钢尚堂府 ,37522.0,87.94840360321945,0,0
红石中央花苑 ,61205.0,101.29891348746017,0,0
莫干山路94号 ,47323.0,73.95980812712635,0,0
杭钢尚堂府 ,27298.0,109.89816103743864,0,0
莱德绅华府 ,51453.0,87.45845723281441,0,0
杭钢尚堂府 ,35960.0,88.98776418242491,0,0
阳光郡 ,37664.0,86.2892948173322,0,0
雍荣华庭 ,50590.0,89.93872306779996,0,0
宜家时代 ,21840.0,43.498168498168496,0,0
中天西城纪 ,35160.0,34.129692832764505,0,0
左岸花园 ,39419.0,114.1581470864304,0,0
锦绣新村 ,43855.0,93.48990993045263,0,0
和睦南苑 ,37469.0,74.72844217886787,0,0
绍兴新村 ,38284.0,49.6290878696061,0,0
大关南六苑 ,41194.0,80.10875370199544,0,0
米市巷 ,37964.0,92.71941839637552,0,0
德信北海公园 ,46417.0,88.32970678846112,0,0
天时苑 ,45000.0,149.51111111111112,0,0
昆仑橡树园 ,48914.0,87.90939199411211,0,0
都市水乡水映苑 ,34159.0,100.9982727831611,0,0
蚕花园永和坊 ,36098.0,88.64757050252092,0,0
都市水乡水映苑 ,36861.0,69.17880686904859,0,0
信义坊 ,41075.0,76.68898356664639,0,0
五洋运河人家 ,44010.0,94.9784139968189,0,0
上尚庭 ,50000.0,68.0,0,0
大关东五苑 ,37147.0,67.83858723450076,0,0
芳满庭 ,52122.0,82.49875292582786,0,0
拱宸新苑 ,43026.0,116.20880397898945,0,0
日森大厦 ,37548.0,105.9976563332268,0,0
中国铁建国际汇 ,47059.0,84.99968125119531,0,0
银都大厦 ,33230.0,44.839000902798674,0,0
一清新村 ,44863.0,69.09925774023137,0,0
莱德绅华府 ,52878.0,89.82941866182533,0,0
大关西三苑 ,42082.0,61.30887315241671,0,0
大关南九苑 ,40888.0,86.08882801800038,0,0
湖墅新村 ,46097.0,99.78957415883897,0,0
芳满庭 ,49192.0,88.4290128476175,0,0
绍兴新村 ,41976.0,67.41947779683629,0,0
名城燕园 ,46062.0,84.66849029568841,0,0
蚕花园永兴坊 ,35017.0,81.38903960933261,0,0
塘河北村 ,39345.0,60.99885627144491,0,0
信步闲庭 ,48991.0,97.56894123410423,0,0
德胜新村 ,40323.0,54.55943258190115,0,0
绿城西子田园牧歌 ,51370.0,145.9996106677049,0,0
普金家园 ,40310.0,56.80972463408583,0,0
大关东六苑 ,40507.0,78.99869158417064,0,0
贾家弄2号 ,40712.0,66.31951267439575,0,0
芳满庭 ,49130.0,80.39894158355384,0,0
都市水乡水映苑 ,32324.0,98.99764880584087,0,0
芳满庭 ,55854.0,87.72872130912737,0,0
登云阁 ,37032.0,71.5597321235688,0,0
蚕花园永庆坊 ,29321.0,70.93891749940316,0,0
大浒西苑 ,40010.0,83.97900524868783,0,0
紫荆家园 ,42926.0,123.46829427386666,0,0
沈塘东村 ,45011.0,64.42869520783809,0,0
定海东园 ,39667.0,88.73875009453702,0,0
东方福邸 ,47118.0,63.66993505666624,0,0
绿城运河宸园 ,73277.0,136.46846896024672,0,0
金隅田员外 ,33933.0,88.40951286358413,0,0
东方福邸 ,63064.0,221.9967017632881,0,0
杭钢南苑 ,30451.0,57.46937703195297,0,0
贾家弄 ,40815.0,73.3798848462575,0,0
宜家时代 ,23256.0,85.99931200550395,0,0
庆隆苑 ,40567.0,97.3697833214189,0,0
和睦院 ,35556.0,44.99943750703116,0,0
和睦院 ,26587.0,44.758716666039795,0,0
宜家时代 ,22472.0,88.99964400142399,0,0
金隅田员外 ,28125.0,128.0,0,0
左岸花园 ,38462.0,116.9985960168478,0,0
杭钢尚堂府 ,39212.0,89.25839028868714,0,0
雍荣华庭 ,55295.0,84.99864363866534,0,0
金隅田员外 ,24738.0,129.3556471824723,0,0
锦昌文华苑 ,54894.0,193.0994279884869,0,0
名城燕园 ,51902.0,155.67800855458364,0,0
锦绣新村 ,46665.0,34.92981892210436,0,0
和睦院 ,33531.0,30.41961170260356,0,0
绿城西子田园牧歌 ,36298.0,132.2386908369607,0,0
三塘人家 ,38993.0,44.87985022952838,0,0
日森大厦 ,33631.0,89.7981029407392,0,0
大关南五苑 ,37940.0,82.49868212967844,0,0
左岸花园 ,37122.0,131.9971984268089,0,0
湖墅南路60号 ,43580.0,68.83891693437357,0,0
大关南九苑 ,37865.0,108.2794137065892,0,0
方正荷塘月色 ,39384.0,88.86857607150112,0,0
绿城西子田园牧歌 ,46318.0,88.51850252601581,0,0
米市新村 ,42830.0,72.37917347653514,0,0
锦绣新村 ,46754.0,74.85990503486333,0,0
假山新村 ,44555.0,60.599259342385814,0,0
五一新村 ,40506.0,60.978620451291164,0,0
阳光郡 ,43077.0,129.9997678575574,0,0
登云阁 ,47000.0,110.63829787234043,0,0
大关西六苑 ,40061.0,59.65901999450838,0,0
都市水乡水曲苑 ,39887.0,70.19831022638955,0,0
联合世纪新筑 ,50478.0,146.59851816632988,0,0
广兴新村 ,37988.0,76.33989680951879,0,0
稻香园南区 ,43678.0,113.32936489766016,0,0
仓基新村 ,46060.0,58.619192357794184,0,0
五一新村 ,47643.0,79.75988077996767,0,0
东方福邸 ,53130.0,89.77978543195934,0,0
名城燕园 ,45782.0,84.74946485518326,0,0
都市水乡水曲苑 ,35719.0,86.7885439122036,0,0
和睦新村 ,32533.0,79.91885162757815,0,0
荣华里 ,44131.0,67.9794248940654,0,0
广兴新村 ,43397.0,52.999055234232785,0,0
半道红小区 ,44373.0,55.88984292249791,0,0
贾家弄 ,40876.0,68.49985321460025,0,0
大关南五苑 ,46479.0,70.99980636416446,0,0
明真宫 ,44977.0,65.58907886252973,0,0
和睦新村 ,42684.0,58.56995595539312,0,0
紫荆家园 ,44814.0,98.62989244432544,0,0
富越香郡 ,45434.0,88.03979398688207,0,0
大关东四苑 ,41494.0,81.69855882778234,0,0
和睦院 ,45082.0,121.9999112727918,0,0
德胜新村 ,37689.0,59.168457640160256,0,0
大关西三苑 ,41842.0,59.74857798384399,0,0
霞湾巷小区 ,35898.0,77.99877430497521,0,0
大关东三苑 ,40741.0,53.99965636582313,0,0
金都清宸公寓 ,37274.0,120.72758491173472,0,0
清水公寓 ,56742.0,88.99933030206901,0,0
拱苑小区 ,42290.0,96.94963348309292,0,0
都市水乡水映苑 ,36546.0,82.08832703989492,0,0
都市水乡水映苑 ,34126.0,82.04887768856591,0,0
三宝新村 ,41922.0,68.699012451696,0,0
左岸花园 ,39878.0,162.99714128090676,0,0
大关东二苑 ,38568.0,68.70981124248081,0,0
信义坊 ,56205.0,136.9984876790321,0,0
红石公寓 ,50407.0,136.48897970519968,0,0
都市水乡水映苑 ,38750.0,80.0,0,0
西铭苑 ,41567.0,124.61808646281906,0,0
绍兴新村 ,42491.0,57.65926902167518,0,0
大关东九苑 ,41228.0,62.578829921412634,0,0
稻香园北区 ,46143.0,95.78917712329064,0,0
一清新村 ,46154.0,64.99978333405555,0,0
锦绣家园 ,52540.0,137.2287780738485,0,0
杭钢北苑 ,41391.0,72.47952453431905,0,0
远东新月公寓 ,53852.0,122.55812226101166,0,0
蚕花园永和坊 ,34957.0,85.81972137197128,0,0
朗诗田园绿郡 ,33708.0,88.99964400142399,0,0
蚕花园永兴坊 ,38125.0,66.09836065573771,0,0
假山新村 ,45181.0,82.99949093645559,0,0
昆仑橡树园 ,47048.0,85.01955449753443,0,0
贾家弄新村 ,42110.0,49.869389693659464,0,0
维元弄 ,45529.0,61.49926420523183,0,0
大家运河之星 ,32880.0,86.67883211678833,0,0
嘉璟华庭 ,49962.0,92.06997317961651,0,0
融信学院府 ,58276.0,77.21875214496534,0,0
中兴御田清庭 ,36141.0,86.32854652610608,0,0
广宇万科公园里 ,37016.0,86.44910309055544,0,0
大浒东苑 ,42950.0,75.66938300349243,0,0
大浒东苑 ,45412.0,94.24821633048533,0,0
蚕花园永兴坊 ,42573.0,55.19930472365114,0,0
大关东四苑 ,41209.0,65.51966803368197,0,0
大关西四苑 ,42086.0,79.59891650430072,0,0
新安天苑 ,40078.0,87.32970707121113,0,0
九龙仓珑玺 ,53264.0,88.23971162511265,0,0
金地繁华里 ,41448.0,89.26848098822622,0,0
风景大院 ,55499.0,98.19996756698319,0,0
顺发吉祥半岛 ,53885.0,89.07859330054747,0,0
都市水乡水曲苑 ,35741.0,68.54872555328615,0,0
景瑞悦西台 ,64419.0,89.25937999658485,0,0
中粮天悦大悦城 ,50450.0,136.76907829534193,0,0
武林壹号 ,97663.0,327.6573523238074,0,0
中天西城纪 ,36614.0,34.139946468563934,0,0
宜家时代 ,21429.0,55.998880022399554,0,0
和睦新村 ,40768.0,37.529434850863424,0,0
墅林苑 ,46039.0,82.53871717456938,0,0
蚕花园永安坊 ,39532.0,70.82869574015987,0,0
都市水乡水滟苑 ,31838.0,95.79747471574848,0,0
金隅田员外 ,28705.0,124.71694826685247,0,0
绿城西子紫兰公寓 ,48132.0,149.58863126402395,0,0
大关东一苑 ,42781.0,65.44961548350904,0,0
金星桃源居 ,28920.0,131.3969571230982,0,0
凯德视界 ,51137.0,87.99890490251677,0,0
融信学院府 ,55426.0,76.678814996572,0,0
大塘新村 ,44530.0,55.01908825510892,0,0
叶青苑 ,49298.0,95.33855328816585,0,0
广宇锦绣桃源 ,36395.0,64.5693089710125,0,0
顺发吉祥半岛 ,54261.0,162.17909732588785,0,0
华盛达阅城 ,46729.0,106.99993580003851,0,0
广宇万科公园里 ,33475.0,89.61911874533234,0,0
芳满庭 ,47930.0,87.41915293135823,0,0
融信学院府 ,49359.0,77.99995948054053,0,0
大关西三苑 ,38941.0,57.77971803497599,0,0
雍荣华庭 ,47249.0,89.94899362949481,0,0
保利香槟国际 ,52595.0,85.55946382736002,0,0
和睦新村 ,40442.0,58.84971069680036,0,0
融信学院府 ,49081.0,77.21929056050203,0,0
星河明苑 ,47454.0,63.21911746112024,0,0
绿城西子田园牧歌 ,43821.0,88.99842541247347,0,0
北国之春人家 ,53438.0,140.3495639806879,0,0
易构大厦 ,14574.0,82.33841086867024,0,0
美都广场 ,19209.0,33.838304961216096,0,0
富越香郡盈座 ,23077.0,51.99982666724444,0,0
富越香郡盈座 ,22931.0,43.60908813396712,0,0
中天西城纪 ,34564.0,34.139567179724565,0,0
广兴新村 ,45441.0,33.00983693140556,0,0
庆隆苑 ,38637.0,116.46866992778942,0,0
莫干新村 ,52579.0,39.9398999600601,0,0
董家弄 ,37992.0,60.539060854916826,0,0
大关东三苑 ,40039.0,51.949349384350256,0,0
德胜新村 ,40872.0,55.04991192014093,0,0
莫干新村 ,43573.0,41.30998554150506,0,0
塘河北村 ,37832.0,80.6195813068302,0,0
锦绣文澜阁 ,46255.0,76.74845962598638,0,0
蚕花园永和坊 ,35442.0,64.04830427176796,0,0
星河明苑 ,48997.0,42.859766924505585,0,0
荣华里 ,42767.0,29.929618631187598,0,0
小河路295号 ,57063.0,53.44969595009025,0,0
大关东三苑 ,42937.0,44.949577287654,0,0
大关南四苑 ,39689.0,61.72995036408073,0,0
新安天苑 ,39748.0,72.95964576834055,0,0
阳光郡 ,39094.0,88.24883613853788,0,0
杭钢尚堂府 ,38972.0,89.80806733039105,0,0
雍荣华庭 ,47506.0,88.40988506714942,0,0
金隅田员外 ,27728.0,88.35833814195037,0,0
绿城西子田园牧歌 ,38508.0,173.98982029708114,0,0
天阳美林湾 ,38315.0,117.4474748792901,0,0
新华园 ,61083.0,204.63958875628242,0,0
阳光郡 ,38203.0,177.9964924220611,0,0
星河明苑 ,47663.0,65.039968109435,0,0
阳光郡 ,38984.0,176.9956905397086,0,0
浅水湾城市花园 ,50199.0,163.34986752724157,0,0
新安天苑 ,40384.0,86.66798732171156,0,0
远东新月公寓 ,39221.0,44.61895413171515,0,0
假山新村 ,44887.0,62.378862476886404,0,0
大关东七苑 ,43325.0,87.70917484131564,0,0
阳光郡 ,34963.0,134.99985699167692,0,0
金隅田员外 ,28125.0,128.0,0,0
首开望宸 ,35956.0,88.99766381132495,0,0
首开望宸 ,37599.0,87.7682917098859,0,0
假山新村 ,43797.0,62.789688791469736,0,0
金隅田员外 ,26134.0,128.1855054717992,0,0
崇庆里 ,41208.0,48.048922539312755,0,0
金隅田员外 ,26335.0,129.10575280045566,0,0
红石中央花苑 ,54312.0,134.40860215053763,0,0
万家花城一期 ,51290.0,136.47884577890426,0,0
中天西城纪 ,29989.0,43.349228050285106,0,0
宜家时代 ,19855.0,45.328632586250315,0,0
德胜新村 ,39013.0,48.1890651834004,0,0
大关东六苑 ,39955.0,61.56926542360155,0,0
锦绣新村 ,42762.0,35.779430335344465,0,0
塘河新村 ,35091.0,66.96873842295746,0,0
云河大厦 ,42620.0,41.99906147348663,0,0
大关东三苑 ,36675.0,49.079754601226995,0,0
和睦新村 ,34291.0,69.98920999679216,0,0
蚕花园永安坊 ,43317.0,40.39984301775284,0,0
锦绣新村 ,45948.0,39.609993906154784,0,0
大关东二苑 ,37561.0,55.90905460451,0,0
大关南三苑 ,45907.0,39.20970658069575,0,0
绿城慧园 ,64222.0,155.7098813490704,0,0
绿城西子田园牧歌 ,37689.0,198.9970548435883,0,0
东方福邸 ,50461.0,317.0765541705475,0,0
湖墅新村 ,44998.0,56.669185297124315,0,0
大关东八苑 ,38552.0,38.38970740817597,0,0
沈塘桥弄 ,39952.0,66.32959551461754,0,0
金星桃源居 ,27859.0,134.60641085466096,0,0
首开望宸 ,39221.0,89.2379082634303,0,0
新安天苑 ,36031.0,84.6493297438317,0,0
金隅田员外 ,31804.0,88.03924034712615,0,0
都市水乡水映苑 ,32850.0,80.66971080669711,0,0
中兴御田清庭 ,35980.0,88.93829905503057,0,0
金隅田员外 ,26636.0,120.13815888271512,0,0
杭钢尚堂府 ,33266.0,88.67913184632958,0,0
广宇万科公园里 ,36097.0,85.87971299553979,0,0
耀翔悦尚 ,37886.0,121.41688222562424,0,0
首开望宸 ,33708.0,88.99964400142399,0,0
绿城西子田园牧歌 ,40401.0,87.86911215068933,0,0
绿城西子田园牧歌 ,38373.0,85.99796732077242,0,0
金隅田员外 ,25646.0,126.72541526943773,0,0
和睦新村 ,42199.0,53.31879902367355,0,0
盛德嘉苑 ,48855.0,130.99989765632995,0,0
锦绣新村 ,42717.0,65.07947655500152,0,0
大关西三苑 ,45705.0,56.44896619625862,0,0
天鸿香榭里 ,38786.0,88.94962099726706,0,0
万家花城一期 ,51686.0,88.998955229656,0,0
大关南八苑 ,40400.0,63.118811881188115,0,0
德胜新村 ,37198.0,57.79880638744019,0,0
锦绣文澜阁 ,49892.0,55.1190571634731,0,0
阳光郡 ,42830.0,130.7494746672893,0,0
都市水乡水映苑 ,32845.0,102.90759628558381,0,0
阳光郡 ,46345.0,86.30920271873988,0,0
金隅田员外 ,37500.0,64.0,0,0
德信北海公园 ,45455.0,87.9991200087999,0,0
方正荷塘月色 ,43900.0,88.8382687927107,0,0
阳光郡 ,38672.0,87.91890773686389,0,0
大关西四苑 ,42407.0,75.45924021977504,0,0
金隅田员外 ,28673.0,87.887559725177,0,0
大关西四苑 ,40502.0,66.16957187299393,0,0
蚕花园永和坊 ,37582.0,65.98903730509286,0,0
雍景湾 ,50000.0,89.0,0,0
雍荣华庭 ,55593.0,89.93938085730218,0,0
大关南三苑 ,41022.0,53.62975964116816,0,0
风景大院 ,55180.0,107.82892352301559,0,0
融信蓝孔雀 ,61426.0,89.53863184970534,0,0
大塘新村 ,44988.0,46.6791144305148,0,0
华丰新村 ,41285.0,54.4992127891486,0,0
昆仑橡树园 ,50000.0,85.0,0,0
昆仑橡树园 ,54336.0,128.82803297997646,0,0
和睦新村 ,40038.0,53.698985963334835,0,0
中天西城纪 ,35140.0,34.14911781445646,0,0
浅水湾城市花园 ,43665.0,56.109011794343296,0,0
德胜新村 ,41247.0,54.54942177612917,0,0
三官弄 ,39924.0,47.08946999298667,0,0
大关东一苑 ,40471.0,51.88900694324331,0,0
锦绣新村 ,43306.0,70.42903985590911,0,0
大关南九苑 ,38431.0,61.148551950248496,0,0
大塘新村 ,44089.0,55.569416407720745,0,0
东方福邸 ,50876.0,65.64981523704694,0,0
德胜新村 ,39635.0,58.02951936419831,0,0
叶青随苑 ,43520.0,52.38970588235294,0,0
大关南五苑 ,39126.0,56.228594796299134,0,0
远洋杭州大运河商务区 ,28090.0,88.99964400142399,0,0
丽晶湾 ,43604.0,128.42858453352903,0,0
德胜新村 ,37092.0,53.91998274560552,0,0
左岸花园 ,37708.0,152.48753580142144,0,0
祥符佳苑 ,31805.0,135.1988681024996,0,0
方正荷塘月色 ,37845.0,161.44801162637071,0,0
方正荷塘月色 ,45775.0,141.99890770071,0,0
和睦院 ,30756.0,33.48940044219014,0,0
蓝钻天成 ,31848.0,43.95880432052248,0,0
和睦院 ,27537.0,34.49903765842321,0,0
中天西城纪 ,35140.0,34.14911781445646,0,0
中天西城纪 ,34554.0,34.14944724199803,0,0
裕兴苑 ,38861.0,81.05813025912869,0,0
金隅田员外 ,29776.0,88.99785061794734,0,0
首开望宸 ,38203.0,88.99824621103055,0,0
首开望宸 ,37276.0,88.52881210430304,0,0
玉兔路小区 ,45937.0,56.5992555021007,0,0
首开望宸 ,40383.0,87.90827823589134,0,0
首开望宸 ,35264.0,87.90834845735027,0,0
首开望宸 ,34196.0,87.72955901275003,0,0
金隅田员外 ,29667.0,124.71769980112583,0,0
都市水乡水起苑 ,31975.0,95.38702111024237,0,0
首开望宸 ,36306.0,88.13970142676142,0,0
都市水乡水月苑 ,32059.0,95.44901587697683,0,0
金隅田员外 ,30595.0,129.10606308220298,0,0
嘉泰馨庭 ,51540.0,69.84866123399301,0,0
杭钢南苑 ,29412.0,50.99959200326398,0,0
湖墅新村 ,49653.0,60.419310011479666,0,0
都市水乡水起苑 ,31084.0,99.7297645090722,0,0
大关东一苑 ,45051.0,51.71916272668753,0,0
大关东一苑 ,44931.0,68.5495537602101,0,0
云河大厦 ,41195.0,38.83966500788931,0,0
蚕花园永兴坊 ,33482.0,58.53891643271011,0,0
莫干新村 ,42012.0,72.59830524612016,0,0
富越香郡盈座 ,19798.0,49.49994948984746,0,0
五一新村 ,37478.0,67.2394471423235,0,0
和睦新村 ,42168.0,47.4293302978562,0,0
云河大厦 ,41905.0,41.999761364992246,0,0
胜月苑 ,44456.0,40.93935576750045,0,0
湖墅嘉园 ,46697.0,68.09859305736985,0,0
北国之春人家 ,46372.0,98.11955490382127,0,0
假山新村 ,46083.0,52.079942712063016,0,0
登云阁 ,42838.0,50.18908445772445,0,0
五洋运河人家 ,44749.0,37.989675746944066,0,0
荣华里 ,39928.0,66.61991584852736,0,0
蚕花园永兴坊 ,36596.0,47.819433817903594,0,0
阳光郡 ,35972.0,138.99699766485043,0,0
半道红小区 ,47009.0,58.4994362781595,0,0
塘河南村 ,39213.0,57.378930456736285,0,0
远洋公馆绿园 ,74568.0,139.7382255122841,0,0
渡驾新村 ,33932.0,111.39926912648826,0,0
绿城西子田园牧歌 ,45388.0,88.12902088657795,0,0
浙旅德信西宸 ,60215.0,89.67865149879599,0,0
中兴御田清庭 ,33772.0,88.23877768565676,0,0
叶青随苑 ,44934.0,52.298927315618464,0,0
富越香郡 ,43731.0,88.03823374722737,0,0
左岸花园 ,36994.0,143.26647564469914,0,0
凯德视界 ,50779.0,88.6193111325548,0,0
首开望宸 ,36736.0,88.46907665505226,0,0
都市水乡水曲苑 ,34772.0,97.77982284596801,0,0
广宇锦绣桃源 ,35523.0,74.59955521774624,0,0
金隅田员外 ,28918.0,127.94799087073795,0,0
首开望宸 ,32877.0,88.20756151717006,0,0
金隅田员外 ,32372.0,88.0390460892129,0,0
阳光郡 ,35022.0,116.49820113071783,0,0
德信北海公园 ,44554.0,85.73865421735422,0,0
首开望宸 ,35280.0,87.86848072562358,0,0
首开望宸 ,37079.0,88.99916394724777,0,0
首开望宸 ,35248.0,87.94825238311394,0,0
景瑞申花壹号院 ,52709.0,88.78939080612419,0,0
左家新村 ,44847.0,124.86899904118447,0,0
假山新村 ,39952.0,49.559471365638764,0,0
青莎阁 ,46705.0,173.42896906112836,0,0
云河大厦 ,36275.0,50.99931082012405,0,0
大塘新村 ,41963.0,45.039677811405284,0,0
大塘新村 ,52127.0,45.8495597291231,0,0
大浒东苑 ,46860.0,40.1195049082373,0,0
新青年广场 ,22458.0,39.62953067949061,0,0
银都大厦 ,34321.0,40.499985431659915,0,0
蓝钻天成 ,41379.0,57.75876652408226,0,0
阳光郡 ,39115.0,83.08832928544037,0,0
蓝钻天成 ,40768.0,58.86970172684458,0,0
中天西城纪 ,31825.0,40.21995286724273,0,0
景瑞申花壹号院 ,56396.0,88.65877012554081,0,0
雍荣华庭 ,54303.0,72.73999594865845,0,0
新安天苑 ,37788.0,87.32931089234678,0,0
湖墅嘉园 ,43961.0,135.34723959873523,0,0
蚕花园永宁坊 ,31052.0,74.06930310446992,0,0
中国铁建国际汇 ,44925.0,88.36950473010573,0,0
大关南五苑 ,37533.0,73.26885673940266,0,0
小河佳苑 ,37651.0,92.9590183527662,0,0
绿城西子田园牧歌 ,41022.0,89.70796158159037,0,0
杭钢尚堂府 ,40933.0,87.9485989299587,0,0
天鸿香榭里 ,39627.0,88.29838241602947,0,0
中兴御田清庭 ,39049.0,84.50920638172552,0,0
广宇万科公园里 ,33708.0,88.99964400142399,0,0
小河佳苑 ,35297.0,103.40822166189761,0,0
景瑞申花壹号院 ,55057.0,88.99867410138583,0,0
五洋运河人家 ,38934.0,127.13823393435044,0,0
远洋大河宸章 ,69534.0,194.14962464405903,0,0
九龙仓珑玺 ,57259.0,123.99797411760596,0,0
蚕花园永庆坊 ,35575.0,87.13984539704849,0,0
金隅田员外 ,34728.0,63.34945865008063,0,0
大关东一苑 ,62933.0,190.6789760538986,0,0
德胜新村 ,38010.0,43.40962904498816,0,0
湖墅新村 ,45242.0,61.88939481013218,0,0
富越香郡盈座 ,23436.0,49.06980713432326,0,0
中天西城纪 ,36924.0,64.99837504062398,0,0
大关东三苑 ,44445.0,67.49915626054674,0,0
仓基新村 ,49898.0,58.31897070022847,0,0
都市水乡水起苑 ,35597.0,99.72750512683653,0,0
三宝新村 ,39438.0,47.66976012982403,0,0
锦绣新村 ,45531.0,77.52959522083854,0,0
米市巷 ,39333.0,63.5598606767854,0,0
绿城西子田园牧歌 ,41022.0,89.70796158159037,0,0
长乐南苑 ,40268.0,95.60941690672495,0,0
广宇万科公园里 ,39311.0,99.20887283457556,0,0
湖墅新村 ,42647.0,72.68975543414543,0,0
凯德湖墅 ,51686.0,88.998955229656,0,0
中国铁建国际汇 ,38746.0,193.5683683477004,0,0
普金家园 ,40476.0,98.32987449352703,0,0
左岸花园 ,34333.0,139.80718259400578,0,0
三官弄 ,41487.0,46.27955745173187,0,0
中国铁建国际汇 ,46682.0,137.0978107193351,0,0
杭钢北苑 ,30760.0,47.13914174252276,0,0
塘河新村 ,42933.0,54.9693708802087,0,0
富越香郡盈座 ,21784.0,43.60998898273962,0,0
蓝钻天成 ,37210.0,42.99919376511691,0,0
富越香郡盈座 ,22835.0,67.87825706152836,0,0
小河东村 ,40386.0,70.56900906254643,0,0
大塘新村 ,48177.0,43.589264586836045,0,0
湖墅新村 ,47948.0,78.2097272044715,0,0
万通中心 ,32914.0,69.87907881144801,0,0
仓基新村 ,40705.0,51.09937354133399,0,0
中国铁建国际汇 ,28958.0,41.439325920298366,0,0
绿城西子田园牧歌 ,39926.0,133.99789610779942,0,0
绿城西子田园牧歌 ,35894.0,139.2990471945172,0,0
阳光郡 ,37932.0,115.99704734788568,0,0
蚕花园永和坊 ,34945.0,86.70768350264701,0,0
杭钢尚堂府 ,27982.0,108.99864198413266,0,0
德胜巷98号 ,38962.0,76.99810071351574,0,0
都市水乡水起苑 ,38594.0,75.91853656008706,0,0
方正荷塘月色 ,40687.0,89.70924373878634,0,0
明园路 ,29626.0,67.50826976304597,0,0
杭钢尚堂府 ,37721.0,124.5990297181941,0,0
广宇万科公园里 ,35707.0,89.61828212955443,0,0
朗诗田园绿郡 ,33678.0,89.07892392659896,0,0
杭钢西苑 ,24941.0,76.17978429092659,0,0
清水公寓 ,44918.0,126.89790284518456,0,0
金星桃源居 ,27942.0,135.99599169708682,0,0
金星桃源居 ,27537.0,137.99615063369285,0,0
一清新村 ,46025.0,86.90928843020097,0,0
杭钢尚堂府 ,36271.0,87.94905020539825,0,0
都市水乡水滟苑 ,34264.0,78.7999066075181,0,0
庆隆苑 ,35052.0,134.0865000570581,0,0
中兴御田清庭 ,35386.0,89.01825580738145,0,0
蚕花园永兴坊 ,35206.0,58.22871101516787,0,0
米市巷 ,39806.0,51.499773903431645,0,0
南北西岸 ,49026.0,87.70856280341043,0,0
仓基新村 ,44166.0,64.5292759135987,0,0
天鸿香榭里 ,36547.0,87.55848633266753,0,0
和睦新村 ,42282.0,54.869684499314126,0,0
胜月苑 ,43356.0,60.42992896023618,0,0
南北西岸 ,45491.0,87.70965685520213,0,0
浙旅德信西宸 ,58017.0,89.62890187358877,0,0
华盛达阅城 ,45388.0,88.12902088657795,0,0
长征新村 ,45223.0,68.54918957167813,0,0
大关东八苑 ,39925.0,69.1296180338134,0,0
绿城西子田园牧歌 ,42225.0,82.88928359976317,0,0
湖墅新村 ,48390.0,56.209960735689194,0,0
古新路 ,42940.0,60.54960409874243,0,0
德信北海公园 ,44321.0,121.83840617314591,0,0
方正荷塘月色 ,39960.0,88.83883883883884,0,0
大关西八苑 ,38514.0,59.71854390611206,0,0
和睦院 ,42764.0,60.79880273126929,0,0
大关东六苑 ,44231.0,62.3996744364812,0,0
天鸿香榭里 ,35181.0,136.43728148716636,0,0
大关东二苑 ,40775.0,68.6695278969957,0,0
绍兴新村 ,39063.0,49.91936103217879,0,0
昆仑橡树园 ,48813.0,85.01833527953619,0,0
大关东五苑 ,41369.0,65.74971597089608,0,0
万家花城一期 ,50791.0,88.59837372762891,0,0
清水公寓 ,49035.0,130.519017028653,0,0
中天西城纪 ,31080.0,40.21879021879022,0,0
德信北海公园 ,47929.0,87.62961881115817,0,0
方正荷塘月色 ,38998.0,89.74819221498538,0,0
大关西三苑 ,38973.0,56.44933672029354,0,0
文一路38弄 ,48367.0,46.51932102466558,0,0
融信学院府 ,49826.0,77.26889575723519,0,0
锦昌文华苑 ,50025.0,205.89705147426287,0,0
耀江国际大厦 ,31993.0,355.70280998968525,0,0
清水公寓 ,49482.0,252.61711329372298,0,0
宜家时代 ,21889.0,45.2281968111837,0,0
云河大厦 ,31807.0,267.2367717797969,0,0
大关东八苑 ,38526.0,53.989513575247884,0,0
左岸花园 ,35827.0,114.99706924944874,0,0
中天西城纪 ,34063.0,40.21959310689017,0,0
天阳美林湾 ,49876.0,120.29833988290962,0,0
左岸花园 ,35682.0,162.5469424359621,0,0
富越香郡盈座 ,21025.0,52.318668252080855,0,0
银都大厦 ,34352.0,47.15882626921285,0,0
德胜新村 ,40856.0,57.51909144311729,0,0
紫荆家园 ,45342.0,160.99863261435314,0,0
德泰御峰大厦 ,23621.0,40.21844968460268,0,0
蓝钻天成 ,34947.0,38.62992531547772,0,0
中国铁建国际汇 ,30471.0,36.09989826392307,0,0
蓝钻天成 ,30220.0,57.908669755129054,0,0
富越香郡盈座 ,21804.0,67.87745367822419,0,0
富越香郡盈座 ,22963.0,52.257980229064145,0,0
新青年广场 ,22250.0,40.0,0,0
大关东八苑 ,38841.0,72.08877217373394,0,0
绿城西子田园牧歌 ,39603.0,138.87836780041917,0,0
清水公寓 ,56180.0,88.99964400142399,0,0
阳光郡 ,45763.0,176.99888556257238,0,0
紫荆家园 ,46658.0,92.15997256633375,0,0
浪琴翠园 ,42120.0,90.21842355175689,0,0
景致公寓 ,38939.0,87.05924651377796,0,0
广宇万科公园里 ,39326.0,88.99964400142399,0,0
米市巷 ,51827.0,38.589924170799,0,0
中兴御田清庭 ,36577.0,92.40779724963775,0,0
金隅田员外 ,31368.0,87.66896199948992,0,0
金星桃源居 ,28939.0,132.3473513252013,0,0
德胜新村 ,41123.0,55.92977166062787,0,0
黄龙金茂悦 ,56130.0,89.07892392659896,0,0
华盛达阅城 ,45705.0,107.20927688436714,0,0
首开望宸 ,38168.0,87.76985956822469,0,0
荣华里 ,41884.0,44.169611307420496,0,0
和睦新村 ,42572.0,46.979235178051304,0,0
锦绣新村 ,40243.0,77.52901125661606,0,0
金星桃源居 ,30034.0,89.89811546913498,0,0
长青嘉苑 ,35318.0,59.45976555863866,0,0
杭钢西苑 ,26196.0,113.7578256222324,0,0
金隅田员外 ,32530.0,89.1484783276975,0,0
金隅田员外 ,29266.0,124.71810291806192,0,0
塘河新村 ,37994.0,82.11822919408327,0,0
昆仑橡树园 ,50024.0,85.95873980489365,0,0
中天西城纪 ,36052.0,40.219682680572504,0,0
仓基新村 ,42865.0,79.3187915548816,0,0
浙旅德信西宸 ,54331.0,89.81980821262263,0,0
德胜新村 ,40486.0,59.2797510250457,0,0
浅水湾城市花园 ,45455.0,74.79925200747992,0,0
绿城西子田园牧歌 ,41245.0,89.70784337495454,0,0
都市水乡水映苑 ,37436.0,77.99978630195534,0,0
田园公寓 ,32368.0,76.61888284725654,0,0
拱苑小区 ,42975.0,53.5194880744619,0,0
中国铁建国际汇 ,47405.0,84.3792848855606,0,0
中天西城纪 ,35496.0,40.849673202614376,0,0
塘河南村 ,38803.0,54.11952684070819,0,0
昆仑橡树园 ,45535.0,210.82683649939608,0,0
半道红小区 ,37898.0,59.36988759301283,0,0
长青嘉苑 ,34006.0,74.39863553490561,0,0
蚕花园永宁坊 ,32138.0,77.78953264048789,0,0
德泰御峰大厦 ,30987.0,40.33949720850679,0,0
德泰御峰大厦 ,30987.0,40.33949720850679,0,0
万通中心 ,29768.0,42.99919376511691,0,0
大关东二苑 ,37863.0,68.66862108126668,0,0
半山路 ,28463.0,105.3999929733338,0,0
杭钢尚堂府 ,35521.0,88.67993581261788,0,0
大关东六苑 ,38934.0,61.12909025530385,0,0
绿城西子田园牧歌 ,42417.0,117.87726619044251,0,0
假山新村 ,41045.0,87.70861249847728,0,0
董家弄 ,43182.0,45.389282571441804,0,0
都市水乡水涟苑 ,36061.0,88.7385263858462,0,0
大关西八苑 ,42094.0,73.16957286074025,0,0
万家花城一期 ,47286.0,134.28921879626105,0,0
东方福邸 ,53934.0,78.42919123373011,0,0
大塘新村 ,42587.0,69.26996501279733,0,0
都市水乡水滟苑 ,38477.0,79.26813421004756,0,0
都市水乡水滟苑 ,35991.0,91.68958906393264,0,0
胜月苑 ,38885.0,59.14877202005915,0,0
德信北海公园 ,43970.0,71.63975437798499,0,0
都市水乡水映苑 ,29882.0,92.02864600763002,0,0
大关南八苑 ,39017.0,60.99905169541482,0,0
五一新村 ,37000.0,100.0,0,0
大浒西苑 ,43065.0,99.84906536630675,0,0
浙旅德信西宸 ,64844.0,113.34896058232064,0,0
仓基新村 ,53914.0,53.7893682531439,0,0
方正荷塘月色 ,43880.0,88.87876025524157,0,0
德信北海公园 ,48292.0,53.83914520003313,0,0
大关西八苑 ,40434.0,61.829153682544394,0,0
中国铁建国际汇 ,58745.0,119.15907736828666,0,0
杭钢尚堂府 ,40771.0,124.59836648598268,0,0
阳光郡 ,42830.0,130.7494746672893,0,0
金隅田员外 ,30338.0,88.99729711912453,0,0
宋都香悦郡 ,39326.0,88.99964400142399,0,0
华盛达阅城 ,50562.0,88.99964400142399,0,0
大关东二苑 ,39950.0,62.828535669586984,0,0
宜家时代 ,20224.0,71.69699367088607,0,0
大关东四苑 ,40122.0,82.24914012262599,0,0
大浒西苑 ,40639.0,100.88830925957824,0,0
融信蓝孔雀 ,55122.0,87.07956895613367,0,0
新城金镶玉 ,60337.0,132.58862721050102,0,0
德胜新村 ,41054.0,64.5491304136016,0,0
和睦新村 ,38380.0,46.89942678478374,0,0
首开望宸 ,35136.0,88.22859744990893,0,0
叶青苑 ,44036.0,89.69933690616769,0,0
轧钢小区 ,27628.0,76.00984508469668,0,0
大关西三苑 ,39859.0,56.44898266389021,0,0
天阳尚景国际 ,52761.0,93.81929834536874,0,0
大关东九苑 ,39910.0,92.70859433725883,0,0
徐公巷 ,44499.0,73.7095215622823,0,0
都市水乡水映苑 ,36702.0,69.47850253392185,0,0
德信北海公园 ,46414.0,87.25815486706597,0,0
大关东一苑 ,39799.0,75.37877836126536,0,0
和睦新村 ,44135.0,50.97994788716438,0,0
万家花城一期 ,48403.0,134.28919695060225,0,0
假山新村 ,44706.0,71.57875900326579,0,0
大家运河之星 ,33708.0,88.99964400142399,0,0
锦绣新村 ,46729.0,44.93997303601618,0,0
百大花园 ,36082.0,101.15847236849399,0,0
董家弄 ,39512.0,69.59910913140311,0,0
昆仑橡树园 ,41323.0,205.69658543668174,0,0
左岸花园 ,34498.0,234.79622007072874,0,0
运河东苑 ,34997.0,187.15889933422864,0,0
信义坊 ,41710.0,212.89858547111004,0,0
绿城西子紫兰公寓 ,65805.0,174.7587569333637,0,0
蚕花园永宁坊 ,34569.0,133.06719893546241,0,0
和睦院 ,27723.0,45.088915341052555,0,0
富越香郡盈座 ,21833.0,39.389914349837404,0,0
富越香郡盈座 ,23572.0,67.87714237230612,0,0
天阳美林湾 ,39486.0,122.82834422326901,0,0
半道红小区 ,46721.0,55.649493803642905,0,0
勤丰小区 ,42202.0,54.49978673996493,0,0
万家花城一期 ,52337.0,133.74859086306054,0,0
银都大厦 ,33366.0,41.95888029730864,0,0
荣华里 ,44997.0,55.5592595061893,0,0
左岸花园 ,37188.0,147.8971711304722,0,0
董家弄 ,41642.0,32.89947649008213,0,0
信义坊 ,39946.0,258.5991087968758,0,0
北国之春人家 ,50280.0,178.99761336515513,0,0
清水公寓 ,45747.0,267.99571556604803,0,0
杭钢北苑 ,32000.0,50.0,0,0
米市巷 ,41685.0,46.77941705649514,0,0
大塘新村 ,45842.0,45.80951965446534,0,0
云河大厦 ,41679.0,34.78970224813455,0,0
大关东三苑 ,41132.0,38.89915394340173,0,0
长乐北苑 ,40963.0,79.33989209774674,0,0
五洋运河人家 ,47589.0,92.03807602597239,0,0
勤丰小区 ,45005.0,55.54938340184424,0,0
大浒东苑 ,43786.0,83.35997807518385,0,0
融信蓝孔雀 ,56180.0,88.99964400142399,0,0
莫干新村 ,43499.0,42.06993264212971,0,0
昆仑橡树园 ,53797.0,60.96994256185289,0,0
左岸花园 ,34107.0,230.15803207552702,0,0
稻香园南区 ,38849.0,109.39792530052253,0,0
九龙仓碧玺 ,63874.0,187.8698688042083,0,0
嘉泰馨庭 ,48284.0,141.86894209261868,0,0
左岸花园 ,38014.0,171.51575735255432,0,0
左岸花园 ,35073.0,169.6461665668748,0,0
嘉泰馨庭 ,54381.0,67.1190305437561,0,0
绿城西子紫兰公寓 ,56656.0,264.7557187235244,0,0
万通中心 ,27614.0,53.95813717679438,0,0
中粮天悦大悦城 ,55661.0,116.77835468281202,0,0
大关西七苑 ,39792.0,69.10936871733011,0,0
蚕花园永兴坊 ,34519.0,57.939105999594425,0,0
景致公寓 ,39042.0,86.82956815736898,0,0
塘河北村 ,36359.0,69.30883687670178,0,0
绍兴新村 ,43321.0,49.629509937443736,0,0
大关东二苑 ,38687.0,68.49846201566417,0,0
云河大厦 ,41195.0,38.83966500788931,0,0
维元弄 ,43283.0,48.97996904096296,0,0
大关东五苑 ,39191.0,61.238549667015384,0,0
和睦新村 ,41770.0,40.699066315537465,0,0
清水公寓 ,44978.0,358.1751078304949,0,0
信义坊 ,36631.0,204.7446152166198,0,0
浅水湾城市花园 ,44969.0,257.2883541995597,0,0
左岸花园 ,35924.0,228.25965928070372,0,0
浪琴翠园 ,37578.0,209.697163233807,0,0
保利香槟国际 ,58795.0,141.16846670635258,0,0
万通中心 ,31913.0,48.569548459875286,0,0
都市水乡水映苑 ,34568.0,80.99976857208979,0,0
阅城新座 ,20560.0,60.797665369649806,0,0
大关南八苑 ,39204.0,63.76900316294255,0,0
蚕花园永庆坊 ,30358.0,55.99841886817313,0,0
万通中心 ,28922.0,43.219694350321554,0,0
大关南六苑 ,43399.0,38.01930920067283,0,0
蚕花园永安坊 ,36557.0,72.48953688760018,0,0
远洋大河宸章 ,69588.0,193.99896533885152,0,0
丽晶湾 ,42252.0,136.0882325097037,0,0
和睦院 ,38124.0,133.24939670548736,0,0
大塘新村 ,42169.0,99.59923166307003,0,0
新青年广场 ,22475.0,39.59955506117909,0,0
万通中心 ,32943.0,48.568739944753055,0,0
万通中心 ,29921.0,64.16897830954848,0,0
富越香郡盈座 ,23892.0,52.318767788381045,0,0
富越香郡盈座 ,20839.0,38.38955804021306,0,0
绿城西子紫兰公寓 ,55120.0,145.1378809869376,0,0
风景大院 ,53156.0,178.71924147791407,0,0
稻香园南区 ,39735.0,99.40858185478797,0,0
清水公寓 ,60484.0,89.27980953640632,0,0
董家弄 ,38250.0,48.888888888888886,0,0
左岸花园 ,36154.0,138.29728384134535,0,0
蚕花园永兴坊 ,33367.0,50.34914736116522,0,0
广兴新村 ,36024.0,76.33799689096158,0,0
普金家园 ,30233.0,132.3057586081434,0,0
天阳美林湾 ,38440.0,85.8480749219563,0,0
蚕花园永宁坊 ,29802.0,150.996577410912,0,0
宝嘉誉峰 ,42493.0,74.12985668227708,0,0
登云阁 ,40915.0,70.38983257973848,0,0
大关西三苑 ,43735.0,59.44895392706071,0,0
德胜新村 ,43174.0,55.589011905313384,0,0
银都大厦 ,32722.0,52.869628995782655,0,0
哑巴弄 ,40855.0,31.81985069146983,0,0
亲仁里 ,34129.0,114.85833162413196,0,0
瑞浩珺公馆 ,34783.0,45.99948250582181,0,0
莱德绅华府 ,55544.0,144.02995823131212,0,0
紫荆家园 ,37498.0,136.0072537201984,0,0
方家花苑 ,35813.0,94.93759249434562,0,0
锦昌文华苑 ,65806.0,83.57900495395556,0,0
景瑞申花壹号院 ,72993.0,130.1494663871878,0,0
易构大厦 ,15736.0,79.43568886629384,0,0
富越香郡盈座 ,20770.0,51.99807414540202,0,0
银都大厦 ,31892.0,44.83883105480999,0,0
嘉泰馨庭 ,56711.0,37.02985311491598,0,0
左岸花园 ,49861.0,143.39864824211307,0,0
小河东河下66-11号 ,80849.0,98.94989424730052,0,0
崇庆里 ,43278.0,103.978926937474,0,0
清水公寓 ,43234.0,132.99717814682887,0,0
清水公寓 ,49546.0,135.22786905098292,0,0
白马公寓 ,75173.0,144.99886927487262,0,0
广宇锦绣桃源 ,38765.0,88.99780730039984,0,0
新青年广场 ,20313.0,127.99684930832471,0,0
都市水乡水滟苑 ,32279.0,94.48867684872518,0,0
德信臻园 ,71551.0,216.62869841092368,0,0
阅城新座 ,19164.0,62.61740763932373,0,0
中国铁建国际汇 ,28889.0,44.9998269237426,0,0
蚕花园永兴坊 ,31759.0,78.7178437608237,0,0
大关东五苑 ,37306.0,97.83948962633356,0,0
大关西四苑 ,39929.0,95.16892484159384,0,0
大关南五苑 ,39415.0,71.03894456425219,0,0
风景大院 ,52012.0,128.23963700684456,0,0
广兴新村 ,44773.0,44.66977866124673,0,0
绿城西子田园牧歌 ,37020.0,85.62938951917882,0,0
绿城西子田园牧歌 ,36666.0,49.90999836360661,0,0
左岸花园 ,36586.0,122.99786803695403,0,0
万家花城一期 ,51946.0,131.8677087744966,0,0
勤丰小区 ,36377.0,85.21868213431564,0,0
荣华里 ,38462.0,54.59934480786231,0,0
浪琴翠园 ,40233.0,129.24713543608482,0,0
远洋公馆 ,56738.0,140.99897775741127,0,0
芳满庭 ,50246.0,83.58874338255781,0,0
嘉璟华庭 ,54946.0,121.0279183198049,0,0
锦绣家园 ,54653.0,137.22942930854666,0,0
中天西城纪 ,39264.0,40.74979625101874,0,0
联合世纪新筑 ,50459.0,65.39963138389584,0,0
左岸花园 ,36250.0,160.0,0,0
中国铁建国际汇 ,45574.0,87.76934216878044,0,0
雍荣华庭 ,44594.0,72.879759608916,0,0
联合世纪新筑 ,50034.0,117.91981452612224,0,0
南北西岸 ,49026.0,87.70856280341043,0,0
普金家园 ,32989.0,98.51768771408652,0,0
蓝钻天成 ,30339.0,42.5195293186987,0,0
香吉公寓 ,30791.0,251.69692442596863,0,0
庆隆苑 ,33010.0,170.85731596485914,0,0
清水公寓 ,44085.0,267.66473857321085,0,0
天时苑 ,53399.0,102.99818348658215,0,0
吉如家园 ,41157.0,92.32937288918046,0,0
三宝新村 ,34565.0,41.94994937075076,0,0
清水公寓 ,59172.0,233.21841411478403,0,0
信义坊 ,39832.0,220.92789716810606,0,0
清水公寓 ,50605.0,213.4176464776208,0,0
三宝新村 ,38319.0,48.27892168376002,0,0
大关西四苑 ,33910.0,126.21645532291359,0,0
莫干山路528号 ,40172.0,74.67888081250622,0,0
小河直街39号 ,71658.0,65.5893270814145,0,0
清水公寓 ,44356.0,220.93966994318694,0,0
顺发吉祥半岛 ,57098.0,350.27496584819085,0,0
绿城西子锦兰公寓 ,56071.0,169.42804658379555,0,0
东方福邸 ,61169.0,196.1778024816492,0,0
和睦院 ,33932.0,41.258988565366025,0,0
万家花城一期 ,50112.0,143.67816091954023,0,0
紫荆家园 ,47668.0,88.10942351262902,0,0
华龙商务大厦 ,23953.0,88.50665887362752,0,0
米市新村 ,40385.0,51.99950476662127,0,0
金地繁华里 ,40450.0,88.99876390605687,0,0
左岸花园 ,40000.0,110.0,0,0
远洋杭州大运河商务区 ,30360.0,90.57971014492753,0,0
新河公寓 ,40649.0,196.80680951560925,0,0
上尚庭 ,44145.0,81.54943934760449,0,0
锦绣文澜阁 ,38637.0,131.99782591816134,0,0
凯德湖墅 ,53806.0,89.20938185332491,0,0
融信蓝孔雀 ,53933.0,88.99931396362153,0,0
三宝新村 ,34810.0,51.70927894283252,0,0
凯德湖墅 ,58939.0,117.91852593359236,0,0
易构大厦 ,14613.0,42.42797509067269,0,0
贾家弄新村 ,50062.0,64.91949982022292,0,0
富越香郡盈座 ,20755.0,52.99927728258251,0,0
大关南六苑 ,39226.0,76.47988579003722,0,0
大塘新村 ,58106.0,51.629780057136955,0,0
大关东一苑 ,40727.0,79.79964151545657,0,0
广宇万科公园里 ,36517.0,88.99964400142399,0,0
华盛达阅城 ,45010.0,126.63852477227283,0,0
盛德欣苑 ,50853.0,92.02996873340805,0,0
雍荣华庭 ,45715.0,87.49863283386198,0,0
方家花苑 ,34101.0,93.83889035512155,0,0
富越香郡 ,46187.0,88.76956719423214,0,0
大关东二苑 ,41149.0,52.24914335706821,0,0
董家弄 ,42109.0,59.3697309363794,0,0
清水公寓 ,44784.0,120.57877813504822,0,0
杭钢尚堂府 ,36777.0,89.72999428990946,0,0
中天西城纪 ,33089.0,40.7990570884584,0,0
易构大厦 ,15210.0,78.89546351084813,0,0
中国铁建国际汇 ,30457.0,39.39980956758709,0,0
东方福邸 ,64138.0,199.5696778820668,0,0
青莎阁 ,49665.0,162.28732507802275,0,0
新青年广场 ,14194.0,154.99506833873468,0,0
左岸花园 ,41347.0,84.64943043026096,0,0
天鸿香榭里 ,31961.0,226.2131973342511,0,0
浅水湾城市花园 ,44795.0,146.66815492800535,0,0
景瑞悦西台 ,66166.0,89.1696641779766,0,0
融信蓝孔雀 ,55057.0,88.99867410138583,0,0
长青嘉苑 ,29762.0,124.31960217727303,0,0
大浒东苑 ,46860.0,40.1195049082373,0,0
三江花园道壹号 ,50449.0,89.19899304247855,0,0
景瑞申花壹号院 ,50688.0,88.7784090909091,0,0
德泰御峰大厦 ,22683.0,40.99986774236212,0,0
银都大厦 ,36604.0,40.97912796415692,0,0
中国铁建国际汇 ,30396.0,36.18897223318858,0,0
三宝新村 ,40037.0,54.9491720158853,0,0
融信蓝孔雀 ,56180.0,88.99964400142399,0,0
中国铁建国际汇 ,27751.0,41.43994810997802,0,0
中天西城纪 ,40631.0,40.609386921316236,0,0
德信晓宸 ,47652.0,89.18828170905734,0,0
塘河新村 ,41000.0,50.0,0,0
两宜里 ,36355.0,41.259799202310546,0,0
和睦新村 ,38987.0,51.299150999050966,0,0
阮家居 ,34065.0,93.93805959195656,0,0
广兴新村 ,41358.0,70.11944484742976,0,0
宋都香悦郡 ,35670.0,88.30950378469302,0,0
雍荣华庭 ,48315.0,88.99927558729173,0,0
莫干山路132号 ,39798.0,41.459369817578775,0,0
塘河北村 ,34832.0,60.28938906752411,0,0
大关南八苑 ,37515.0,61.30880980940957,0,0
华盛达阅城 ,44253.0,88.12961833096061,0,0
叶青随苑 ,49746.0,86.4391106822659,0,0
稻香园北区 ,50152.0,99.09873983091403,0,0
塘河北村 ,36939.0,56.3090500554969,0,0
名城燕园 ,51318.0,94.50874936669395,0,0
小河佳苑 ,39220.0,104.53850076491585,0,0
西瑞大厦 ,25146.0,49.709695378986716,0,0
凯德湖墅 ,59285.0,52.28978662393523,0,0
蓝钻天成 ,32612.0,67.45983073715198,0,0
宜家时代 ,26532.0,45.22840343735866,0,0
蓝钻天成 ,27424.0,61.989498249708284,0,0
庆隆苑 ,38974.0,101.34961769384718,0,0
三宝新村 ,35663.0,68.69865126321397,0,0
顺发吉祥半岛 ,53216.0,88.31930246542393,0,0
保利香槟国际 ,52595.0,85.55946382736002,0,0
蚕花园永安坊 ,35698.0,42.019160737296204,0,0
庆隆苑 ,40000.0,110.0,0,0
阅城新座 ,20061.0,59.817556452818906,0,0
普金家园 ,35131.0,187.29896672454527,0,0
中天西城纪 ,36619.0,65.539747125809,0,0
和新北苑 ,45379.0,71.6190308292382,0,0
拱苑小区 ,39329.0,95.34948765541967,0,0
拱苑小区 ,39506.0,96.1879208221536,0,0
锦绣新村 ,45415.0,33.68930969943851,0,0
庆隆苑 ,43065.0,99.84906536630675,0,0
阮家居 ,35129.0,93.93948020154288,0,0
大浒西苑 ,40010.0,83.97900524868783,0,0
万家花城一期 ,49549.0,157.41992774828958,0,0
庆隆苑 ,40307.0,97.99786637556753,0,0
西铭苑 ,40949.0,115.99794866785514,0,0
万家花城二期 ,52620.0,89.31965032307107,0,0
天鸿香榭里 ,39526.0,88.54930931538733,0,0
丽晶湾 ,44577.0,107.67884783632815,0,0
方正荷塘月色 ,40423.0,89.05820943522252,0,0
融信学院府 ,55845.0,76.998836064106,0,0
华盛达阅城 ,45388.0,88.12902088657795,0,0
美都广场 ,17442.0,42.999656002751976,0,0
美都广场 ,17442.0,42.999656002751976,0,0
万家花城二期 ,55151.0,115.13843810629001,0,0
大浒东苑 ,44866.0,40.11946685686266,0,0
杭钢尚堂府 ,35514.0,87.28951962606295,0,0
大关西四苑 ,40892.0,70.91851706935341,0,0
保利香槟国际 ,50355.0,140.99890775493992,0,0
大关东五苑 ,42858.0,97.99804003919921,0,0
易构大厦 ,20741.0,42.42804107805795,0,0
凯德湖墅 ,59084.0,52.12917202626769,0,0
天鸿香榭里 ,40051.0,87.38857956105964,0,0
庆云居 ,41555.0,89.0386235110095,0,0
德信晓宸 ,47460.0,86.38853771597134,0,0
方家花苑 ,35167.0,93.83797309978104,0,0
宜家时代 ,19164.0,86.09893550407013,0,0
湖墅南路60号 ,40000.0,69.0,0,0
大关东一苑 ,43078.0,33.65987278889456,0,0
大家运河之星 ,31792.0,86.4997483643684,0,0
宜家时代 ,20593.0,89.83635215850046,0,0
景瑞申花郡 ,37084.0,95.72861611476648,0,0
蓝钻天成 ,31628.0,42.999873529783734,0,0
中国铁建国际汇 ,28769.0,34.75963710938858,0,0
凯德湖墅 ,56106.0,88.9387944248387,0,0
蓝钻天成 ,29535.0,42.99983070932792,0,0
宜家时代 ,20033.0,62.39704487595468,0,0
中国铁建国际汇 ,30457.0,39.39980956758709,0,0
蓝钻天成 ,32456.0,42.51910278530934,0,0
蓝钻天成 ,31750.0,42.51968503937008,0,0
远洋杭州大运河商务区 ,30360.0,90.57971014492753,0,0
万通中心 ,28277.0,40.66909502422463,0,0
富越香郡盈座 ,22543.0,38.149314643126466,0,0
宜家时代 ,21968.0,43.69992716678806,0,0
新青年广场 ,22438.0,42.33888938408058,0,0
蓝钻天成 ,27629.0,59.71985956784538,0,0
远洋杭州大运河商务区 ,26555.0,71.54961400866127,0,0
易构大厦 ,13265.0,75.38635506973237,0,0
和睦新村 ,40855.0,47.72977603720475,0,0
融信蓝孔雀 ,53933.0,88.99931396362153,0,0
易构大厦 ,15084.0,42.429063908777515,0,0
易构大厦 ,15084.0,42.429063908777515,0,0
易构大厦 ,14968.0,84.84767504008552,0,0
左家新村 ,40122.0,78.75978266287822,0,0
凯德龙湾 ,58781.0,204.14759871387014,0,0
中粮天悦大悦城 ,53847.0,116.99816145746281,0,0
绿城运河宸园 ,73398.0,89.23948881440911,0,0
德信北海公园 ,45263.0,85.05843625035901,0,0
天阳尚景国际 ,55618.0,88.99996404041858,0,0
绿城西子锦兰公寓 ,55756.0,147.0693736996915,0,0
都市水乡水映苑 ,34710.0,80.66839527513685,0,0
方正御星 ,40546.0,88.78804321018103,0,0
宝嘉誉峰 ,41985.0,136.47731332618793,0,0
天鸿香榭里 ,37268.0,88.5478158205431,0,0
湖墅新村 ,48679.0,35.94979354547135,0,0
黄龙金茂悦 ,53885.0,89.07859330054747,0,0
易构大厦 ,17261.0,72.41758878396385,0,0
德胜新村 ,35059.0,59.89902735388916,0,0
九龙仓碧玺 ,55979.0,89.3192089890852,0,0
九龙仓碧玺 ,56479.0,88.52847961189114,0,0
黄龙金茂悦 ,58262.0,128.72884555971302,0,0
上尚庭 ,42982.0,74.44976967102508,0,0
勤丰小区 ,42159.0,53.36938731943357,0,0
大关南五苑 ,43913.0,50.09905950401931,0,0
龙门公寓 ,33223.0,39.1295187069199,0,0
新青年广场 ,13182.0,153.99787589136702,0,0
维元弄 ,44089.0,81.19939213862868,0,0
小河佳苑 ,35600.0,43.53932584269663,0,0
联合世纪新筑 ,45099.0,50.99891350140801,0,0
大家运河之星 ,31009.0,89.32890451159341,0,0
九龙仓碧玺 ,50570.0,187.85841407949377,0,0
宋都香悦郡 ,34224.0,131.4866760168303,0,0
崇盛里 ,42125.0,66.46884272997033,0,0
易构大厦 ,16428.0,66.95885074263452,0,0
易构大厦 ,16493.0,71.90929485236161,0,0
新青年广场 ,13549.0,154.99298841242896,0,0
首开望宸 ,42108.0,87.86928849624775,0,0
德信北海公园 ,46281.0,57.258918346621726,0,0
金隅田员外 ,28504.0,88.40864440078586,0,0
吉如家园 ,38288.0,137.11867948182197,0,0
云河大厦 ,41141.0,34.029313823193405,0,0
雍荣华庭 ,49587.0,120.99945550245025,0,0
中国铁建国际汇 ,50415.0,89.25914906277893,0,0
吉如家园 ,41046.0,92.57905764264484,0,0
杭钢尚堂府 ,38379.0,88.06899606555669,0,0
杭钢尚堂府 ,35057.0,88.99791767692615,0,0
董家弄 ,38770.0,41.26902244003095,0,0
雍荣华庭 ,58427.0,88.99994865387578,0,0
东方福邸 ,57130.0,87.5196919306844,0,0
西铭苑 ,41280.0,116.27906976744185,0,0
天鸿香榭里 ,37732.0,125.8878405597371,0,0
吉如家园 ,37758.0,115.2073732718894,0,0
都市水乡水滟苑 ,32979.0,93.99921161951545,0,0
叶青苑 ,47004.0,51.05948429920858,0,0
新安天苑 ,38687.0,85.29997156667615,0,0
黄龙金茂悦 ,54378.0,128.72852992018832,0,0
雍荣华庭 ,49310.0,121.67917258162645,0,0
雍荣华庭 ,47943.0,89.68984001835513,0,0
融信学院府 ,58349.0,89.11892234656978,0,0
远洋公馆 ,62088.0,225.486406390929,0,0
红石公寓 ,52827.0,229.99602476006586,0,0
莫干新村 ,48921.0,48.64986406655628,0,0
广宇万科公园里 ,35662.0,88.32931411586563,0,0
万通中心 ,34331.0,40.77947044944802,0,0
云河大厦 ,40000.0,42.0,0,0
裕兴苑 ,42554.0,49.34906236781501,0,0
华龙温泉公寓 ,45776.0,148.54945823138763,0,0
德胜新村 ,45576.0,44.97981393715991,0,0
富越香郡盈座 ,24078.0,43.60827311238475,0,0
都市水乡水映苑 ,36484.0,82.2278258962833,0,0
绍兴新村 ,43054.0,52.25995261764296,0,0
星河明苑 ,48519.0,76.25878521816196,0,0
大塘新村 ,43150.0,55.6199304750869,0,0
绍兴新村 ,36672.0,49.62914485165794,0,0
大家运河之星 ,34033.0,89.61889930361708,0,0
中国铁建国际汇 ,50113.0,84.80833316704248,0,0
大塘新村 ,43463.0,54.06897821135218,0,0
都市水乡水映苑 ,36276.0,99.23916639100231,0,0
左家新村 ,46822.0,35.23984451753449,0,0
定海西园 ,42394.0,66.51884700665188,0,0
盛德欣苑 ,46729.0,85.59994864003082,0,0
大塘新村 ,49272.0,46.679655788277316,0,0
湖墅嘉园 ,45095.0,108.65949661825036,0,0
