新江花园 ,32548.0,69.12867150055303,0,0
滨江曙光之城 ,46808.0,89.72825158092634,0,0
德信金泊林公寓 ,35553.0,81.56836272607093,0,0
金雅苑社区 ,30566.0,86.69763789831839,0,0
蓝桥名苑 ,30183.0,87.7977669549084,0,0
观音塘小区 ,48371.0,58.91960058712865,0,0
濮家新村 ,44871.0,45.909384680528625,0,0
蓝桥名苑 ,31342.0,78.16986790887627,0,0
圆梦园 ,30036.0,166.46690637901185,0,0
广宇上东名筑 ,31691.0,83.6199551923259,0,0
景苑公寓 ,41271.0,67.35964720990526,0,0
丁桥颐景园 ,31200.0,86.53846153846153,0,0
采荷小区洁莲邨 ,53123.0,53.64907855354554,0,0
新风丽都南苑 ,43565.0,60.369562722368876,0,0
新和嘉苑 ,37617.0,98.3597841401494,0,0
万家花园万和苑 ,38989.0,184.66747031213933,0,0
北城枫景园 ,27465.0,62.989259056981616,0,0
红苹果家园 ,32128.0,118.27689243027888,0,0
浙报宿舍 ,44794.0,76.34951109523597,0,0
三里亭一区 ,39459.0,60.56919840847462,0,0
联合格里 ,32585.0,88.99800521712444,0,0
丁桥景园南苑 ,26466.0,88.03748205244464,0,0
天城府 ,40555.0,85.80939464924177,0,0
冠宇隽园 ,32059.0,88.89859321875292,0,0
金雅苑社区 ,33311.0,88.25913361952509,0,0
左邻右舍 ,36427.0,89.21953496033163,0,0
景芳一区 ,45362.0,58.4189409638023,0,0
秋涛雅苑 ,38682.0,138.30722299777673,0,0
宋都阳光国际 ,35904.0,84.948752228164,0,0
北城铭苑 ,30323.0,62.65870791148633,0,0
后珠家苑 ,27140.0,95.79955784819455,0,0
丁桥颐景园 ,35879.0,86.95894534407313,0,0
三里亭苑三区 ,44918.0,68.56939311634534,0,0
后珠美都雅苑 ,25942.0,90.5866933929535,0,0
新江花园 ,35409.0,53.65867434832952,0,0
天阳观筑 ,32315.0,80.45799164474703,0,0
濮家东村 ,39142.0,74.08921363241531,0,0
万科魅力之城 ,33470.0,88.13863161039737,0,0
万科魅力之城 ,40597.0,135.4779909845555,0,0
华家池 ,44138.0,72.499886718927,0,0
景芳四区 ,48830.0,90.10853983207045,0,0
南肖埠社区 ,46642.0,53.59975987307577,0,0
保利罗兰香谷 ,30521.0,87.80839422037286,0,0
广宇上东臻品 ,41842.0,57.35863486449023,0,0
蓝桥名苑 ,32393.0,76.55975056339332,0,0
三里亭苑三区 ,39476.0,59.52984091599959,0,0
丁桥颐景园 ,33239.0,77.01796082914649,0,0
丁桥颐景园 ,31302.0,84.65912721231871,0,0
沁园雅舍 ,20499.0,55.319771696180304,0,0
浙江大学华家池校区 ,46312.0,53.54983589566419,0,0
红苹果家园 ,33318.0,108.04970286331712,0,0
景芳三区 ,45111.0,59.409013322692914,0,0
凯旋路104号 ,50893.0,75.64891045919872,0,0
采荷街道青荷苑 ,52558.0,63.73910727196621,0,0
宋都凯旋苑 ,55943.0,131.91998998981106,0,0
金雅苑社区 ,29961.0,88.44831614432096,0,0
濮家新村 ,46507.0,42.359214741866815,0,0
盛世钱塘 ,79268.0,56.76944037947217,0,0
南肖埠北景西苑 ,44004.0,79.53822379783657,0,0
金色黎明二期 ,45557.0,89.55813596154269,0,0
郡原相江公寓 ,32832.0,88.32846003898635,0,0
蓝桥名苑 ,32891.0,83.60949803897722,0,0
景芳新五区 ,39583.0,55.57941540560341,0,0
中兴九洲芳园 ,36943.0,86.61992799718485,0,0
金雅苑社区 ,35236.0,87.97820410943353,0,0
新和嘉苑 ,41940.0,61.039580352885075,0,0
花圃铁路新村 ,60914.0,49.24976195948386,0,0
景苑公寓 ,42808.0,71.24836479162774,0,0
天阳观筑 ,34859.0,88.92968817235148,0,0
金色黎明一期 ,51956.0,89.49880668257757,0,0
机神新村 ,41769.0,49.079460844166725,0,0
天成嘉苑 ,42982.0,116.32776511097669,0,0
万科魅力之城 ,33708.0,88.99964400142399,0,0
丽江公寓 ,40255.0,89.4298844863992,0,0
丁桥颐景园 ,33077.0,72.55797079541675,0,0
冠宇隽园 ,31494.0,128.59592303295867,0,0
采荷小区翠柳邨 ,55410.0,68.57967875834687,0,0
罗兰春天 ,37617.0,82.40954887417922,0,0
广宇上东名筑 ,34521.0,82.55844268706005,0,0
红街公寓 ,46116.0,84.56934686442884,0,0
三里亭苑四区 ,44173.0,35.089307948294206,0,0
清泰小区 ,51193.0,85.55857246107867,0,0
万科魅力之城 ,34421.0,137.9971529008454,0,0
丁桥兰苑 ,28443.0,86.13718665400977,0,0
观音塘小区 ,53427.0,54.27967132723155,0,0
运新花苑一区 ,59048.0,110.0799349681615,0,0
红苹果家园 ,34989.0,118.03709737346023,0,0
丁桥兰苑 ,28154.0,83.46948923776372,0,0
联合格里 ,34870.0,120.4473759678807,0,0
东亚新干线 ,35610.0,40.718899185622014,0,0
久睦苑 ,31754.0,81.87944825848712,0,0
景芳四区 ,47002.0,53.189225990383385,0,0
景芳一区 ,49471.0,57.609508600998566,0,0
采荷街道青荷苑 ,54050.0,60.129509713228494,0,0
联合格里 ,34394.0,119.20683840204687,0,0
丁桥兰苑 ,28030.0,83.83874420264003,0,0
采荷绿萍 ,50378.0,43.66985588947556,0,0
金秋花园 ,43900.0,56.71981776765376,0,0
三里家园三区 ,39360.0,65.54878048780488,0,0
居安坊 ,49910.0,77.13884992987377,0,0
钱江六苑 ,65210.0,78.20886367121606,0,0
采荷人家 ,59984.0,133.36889837289945,0,0
景芳四区 ,46290.0,70.20954849859581,0,0
后珠辰秀嘉园 ,29560.0,79.49932341001353,0,0
夕照新村 ,59855.0,46.779717650989895,0,0
长睦锦苑 ,26338.0,85.42789885336775,0,0
浙江大学华家池校区 ,48359.0,79.8196819619926,0,0
冠宇隽园 ,37143.0,87.49966346283284,0,0
凯旋新村 ,56721.0,46.71990973360836,0,0
采荷新村 ,62877.0,58.049843344943305,0,0
南肖埠社区 ,47452.0,85.34940571524909,0,0
机神新村 ,40900.0,44.00977995110024,0,0
世茂天宸 ,53694.0,89.56307967370655,0,0
北城枫景园 ,29984.0,61.69957310565635,0,0
红街公寓 ,35972.0,233.23696208161903,0,0
景芳一区 ,43571.0,80.3286589704161,0,0
后珠美都雅苑 ,26469.0,88.02750387245457,0,0
秋涛雅苑 ,39803.0,111.29814335602843,0,0
景芳新五区 ,42907.0,77.60971403267533,0,0
蓝桥名苑 ,28896.0,89.97785160575859,0,0
金地格林格林 ,31120.0,88.36760925449872,0,0
德信金泊林公寓 ,38640.0,119.04761904761905,0,0
东茂苑 ,43015.0,77.87980936882482,0,0
濮家新村 ,42381.0,56.62914985488781,0,0
圣奥领寓 ,35715.0,89.59820803583928,0,0
万象城悦府 ,87915.0,216.11784109651367,0,0
濮家东村 ,43787.0,66.22970287985018,0,0
红街公寓 ,39963.0,85.0786977954608,0,0
丁桥家苑 ,29697.0,86.87746236993635,0,0
城市之星 ,81841.0,180.83845505309074,0,0
采荷人家 ,50412.0,134.88851860668095,0,0
滨江曙光之城 ,45218.0,88.23919678004334,0,0
德信东望 ,47303.0,88.78929454791451,0,0
保利罗兰香谷 ,25693.0,89.51854590744561,0,0
后珠辰秀嘉园南区 ,28294.0,93.65943309535591,0,0
联合格里 ,33880.0,73.78984651711924,0,0
景芳新五区 ,43906.0,85.40973898783766,0,0
玺之湾 ,31958.0,89.179548156956,0,0
丁桥兰苑 ,26746.0,93.09803335078142,0,0
和谐嘉园东苑 ,53962.0,117.11945443089581,0,0
天运花园 ,40773.0,46.10894464474039,0,0
天城府 ,45506.0,88.99925284577859,0,0
景芳四区 ,40864.0,68.51996867658575,0,0
钱塘航空大厦 ,26923.0,111.42888979682799,0,0
城发云锦城 ,33478.0,88.11756974729673,0,0
原筑壹号 ,34988.0,107.17960443580657,0,0
三里新城兰苑 ,40412.0,113.8275759675344,0,0
蓝桥名苑 ,28367.0,93.41840871435119,0,0
红苹果家园 ,29483.0,133.9755113116033,0,0
南肖埠北景西苑 ,44528.0,104.42867409270572,0,0
广宇上东名筑 ,35045.0,89.02839206734198,0,0
景苑公寓 ,41277.0,93.99907939045958,0,0
金雅苑社区 ,33030.0,87.7989706327581,0,0
丁桥兰苑 ,27089.0,87.85854036693861,0,0
后珠美都雅苑 ,26696.0,88.02816901408451,0,0
三里家园三区 ,39162.0,79.15836780552577,0,0
天阳观筑 ,34823.0,74.08896419033397,0,0
广景苑 ,49175.0,130.14743263853583,0,0
广宇上东名筑 ,35279.0,83.61915020267014,0,0
采荷小区紫藕邨 ,54101.0,74.85998410380584,0,0
广宇上东名筑 ,34489.0,126.99701354054916,0,0
景芳四区 ,51116.0,46.16949683073793,0,0
北城枫景园 ,31156.0,65.79792014379252,0,0
丽江公寓 ,40041.0,89.90784445942909,0,0
北城铭苑 ,27323.0,62.21864363356879,0,0
左邻右舍 ,28789.0,130.25808468512278,0,0
左邻右舍 ,34514.0,99.95943675030422,0,0
德信东望 ,46822.0,128.35846396992866,0,0
静怡花苑 ,51819.0,94.55991045755418,0,0
蓝天城市花园 ,45301.0,114.78775302973445,0,0
同方国际 ,23043.0,57.718179056546454,0,0
金基晓庐 ,65035.0,130.69885446298147,0,0
罗兰春天 ,33407.0,86.80815397970485,0,0
丁桥景园南苑 ,25856.0,90.88799504950495,0,0
阳光逸城 ,29325.0,60.69906223358909,0,0
中海御道 ,63830.0,187.9993733354222,0,0
广宇上东名筑 ,34364.0,118.14689791642417,0,0
三里家园三区 ,42278.0,83.96802119305549,0,0
丁桥景园南苑 ,25695.0,95.3492897450866,0,0
万科魅力之城 ,35956.0,88.99766381132495,0,0
丁桥颐景园 ,30312.0,70.92900501451571,0,0
三里亭苑三区 ,38695.0,59.43920403152862,0,0
后珠辰秀嘉园 ,25151.0,79.51970100592422,0,0
金雅苑社区 ,35044.0,125.55644332838718,0,0
圣奥领寓 ,39773.0,87.99939657556634,0,0
三里亭苑四区 ,37154.0,88.81950799375572,0,0
景苑公寓 ,42386.0,71.24994101826074,0,0
景芳三区 ,46521.0,78.45919047311966,0,0
景芳六区 ,49020.0,56.09955120359037,0,0
罗兰春天 ,37318.0,84.40966825660539,0,0
金雅苑社区 ,31844.0,86.35849767617134,0,0
后珠辰秀嘉园 ,27778.0,93.59925120599036,0,0
德信金泊林公寓 ,40646.0,88.5696009447424,0,0
联合格里 ,34189.0,87.74752113252801,0,0
万家花园万和苑 ,47983.0,87.73940770689619,0,0
郡枫绿园东区 ,31934.0,62.629172668629046,0,0
蔚蓝公寓 ,66018.0,89.36956587597322,0,0
景芳三区 ,45791.0,33.84944639776375,0,0
居安坊 ,43437.0,41.439325920298366,0,0
城市之星 ,73139.0,180.4782674086329,0,0
红街公寓 ,45981.0,67.41915138861704,0,0
广宇上东臻品 ,33644.0,124.83652360004756,0,0
罗兰春天 ,36822.0,84.18880017380914,0,0
闸弄口东村 ,50569.0,31.639937511123417,0,0
三里新城荷苑 ,40692.0,88.46947803007963,0,0
红街天城公寓 ,14824.0,161.89962223421477,0,0
万象城悦玺 ,56263.0,121.74964008318078,0,0
采荷新村 ,59873.0,40.9199472216191,0,0
三里亭苑三区 ,43141.0,34.76970862984168,0,0
北城枫景园 ,30397.0,61.848208704806396,0,0
景芳新五区 ,43420.0,66.09857208659604,0,0
长睦邻里人家西苑 ,30614.0,89.8281831841641,0,0
新风丽都北苑 ,44576.0,59.44903086862886,0,0
广景苑 ,50517.0,128.6695567828652,0,0
景芳东区 ,38802.0,121.12777691871553,0,0
康恒悦麒美寓 ,38168.0,89.07985747222804,0,0
九月庭院 ,34887.0,128.98787513973687,0,0
宋都阳光国际 ,40489.0,88.41907678628763,0,0
三里亭苑二区 ,37161.0,80.72979736820861,0,0
左邻右舍 ,35179.0,116.5468034907189,0,0
大家多立方 ,39326.0,88.99964400142399,0,0
东茂苑 ,43070.0,63.84954724866496,0,0
三里新城桂苑 ,42611.0,103.25972166811387,0,0
南肖埠北景西苑 ,42724.0,76.06965639921356,0,0
景苑公寓 ,41457.0,67.53986057843066,0,0
蓝桥名苑 ,29640.0,87.71929824561404,0,0
万科魅力之城 ,34420.0,87.15862870424172,0,0
广宇上东领地 ,35404.0,80.49937860128799,0,0
采荷小区玉荷邨 ,51259.0,53.64911527731715,0,0
广宇上东领地 ,31915.0,79.89973366755444,0,0
红苹果家园 ,35480.0,112.73957158962796,0,0
联合格里 ,34778.0,71.30944850192651,0,0
天庐苑 ,45079.0,53.23986778766166,0,0
天庐苑 ,41009.0,82.90862981296789,0,0
采荷大厦 ,46265.0,146.97935804603912,0,0
广宇上东领地 ,33417.0,79.8994523745399,0,0
景芳三区 ,40482.0,57.30942147127118,0,0
红街公寓 ,45582.0,82.269316835593,0,0
万科魅力之城 ,34607.0,88.99933539457335,0,0
运新花苑二区 ,59266.0,138.35926163398912,0,0
万科魅力之城 ,35394.0,88.99813527716562,0,0
红苹果家园 ,36429.0,118.0378270059568,0,0
左邻右舍 ,37909.0,78.60930122134586,0,0
景芳三区 ,46770.0,57.729313662604234,0,0
中兴九洲芳园 ,33042.0,139.216754433751,0,0
景芳六区 ,43567.0,68.85945784653522,0,0
景苑公寓 ,42054.0,73.2391686878775,0,0
华家池 ,42635.0,68.01923302451038,0,0
圣奥领寓 ,40092.0,87.29921181283049,0,0
景芳三区 ,47646.0,54.149351467069636,0,0
宋都阳光国际 ,40451.0,119.89814837704877,0,0
闻皇庙社区 ,40192.0,52.24920382165605,0,0
金色黎明三期 ,48928.0,87.67985611510791,0,0
景芳三区 ,47055.0,78.41887153331209,0,0
万科魅力之城 ,35663.0,138.79931581751396,0,0
长睦邻里人家东苑 ,30310.0,89.07951171230617,0,0
采荷人家 ,58820.0,136.00816048962938,0,0
采荷街道商教苑社区 ,59791.0,46.829790436687794,0,0
盛世钱塘 ,66823.0,179.5788875087919,0,0
观音塘小区 ,48254.0,43.519708210718285,0,0
中豪四季公馆 ,33549.0,80.47929893588483,0,0
双菱新村 ,51956.0,51.38963738548002,0,0
中豪四季公馆 ,35500.0,124.50704225352112,0,0
景芳新五区 ,47350.0,67.15945089757128,0,0
濮家新村 ,47056.0,65.87895273716423,0,0
闸弄口新村 ,40146.0,46.57998306182434,0,0
城市之星 ,48283.0,289.9571277675372,0,0
北城铭苑 ,29188.0,61.669179114704676,0,0
淮矿东元府 ,41254.0,89.68827265234886,0,0
蓝桥名苑 ,27496.0,94.55920861216177,0,0
万科魅力之城 ,32506.0,138.43598104965238,0,0
圣奥领寓 ,36670.0,88.62830651758931,0,0
景芳六区 ,45611.0,55.24983008484795,0,0
东方君悦 ,43833.0,65.01950585175553,0,0
蓝桥名苑 ,29797.0,93.96919152934859,0,0
万科魅力之城 ,31753.0,100.77787925550342,0,0
北城枫景园 ,28861.0,62.36790132012058,0,0
东港嘉苑一区 ,37829.0,89.3494409051257,0,0
蓝天公寓 ,34575.0,101.2292118582791,0,0
滨江凯旋门 ,77047.0,86.95990758887433,0,0
沁园雅舍 ,28232.0,67.29951827713234,0,0
华鸿汇盛德堡 ,26954.0,127.9958447725755,0,0
联合格里 ,37608.0,83.7587747287811,0,0
德信金泊林公寓 ,35852.0,117.14827624679236,0,0
香滨湾花园 ,40158.0,126.99835649185717,0,0
红街公寓 ,43049.0,81.99958187182048,0,0
红苹果家园 ,33990.0,114.7396293027361,0,0
万家花园万和苑 ,40051.0,159.79625976879478,0,0
笕桥花苑 ,31945.0,107.99812177179527,0,0
采荷人家 ,49945.0,135.14866352988287,0,0
紫玉名府 ,59524.0,75.59975808077414,0,0
红街公寓 ,43494.0,87.36837264910102,0,0
三里家园三区 ,35803.0,72.6196128816021,0,0
宋都阳光国际 ,36333.0,86.69804310131286,0,0
广宇上东领地 ,34422.0,78.43820812271223,0,0
三里亭苑二区 ,41476.0,45.80962484328286,0,0
丁桥颐景园 ,33109.0,77.01833338367211,0,0
三里家园三区 ,38636.0,68.58888083652552,0,0
华家池 ,40000.0,55.0,0,0
景芳一区 ,49567.0,53.05949522868037,0,0
濮家新村 ,45999.0,57.60994804234875,0,0
郡原相江公寓 ,36364.0,87.9991200087999,0,0
建电新村 ,58053.0,53.399479785713055,0,0
北城枫景园 ,32590.0,61.3685179502915,0,0
城市之星 ,51714.0,290.056851142824,0,0
联合格里 ,30024.0,128.89688249400479,0,0
汇鑫枫景苑 ,47224.0,122.8189056411994,0,0
中豪四季公馆 ,34211.0,157.25936102423196,0,0
天阳凤起 ,61484.0,133.36803070717585,0,0
远洋万和四季 ,37817.0,134.8599836052569,0,0
城市之星 ,70011.0,225.10748310979704,0,0
城市之星 ,70008.0,194.5491943777854,0,0
南肖埠小区庆春苑 ,50878.0,113.99819175282047,0,0
天城府 ,40788.0,85.8095518289693,0,0
中企艮山府 ,47033.0,89.29900282780176,0,0
景芳五区 ,42827.0,56.039414388119646,0,0
南肖埠社区 ,49401.0,42.509260946134695,0,0
红苹果家园 ,27973.0,134.05784149000823,0,0
采荷街道青荷苑 ,63756.0,57.2495137712529,0,0
景芳新五区 ,41615.0,47.57899795746726,0,0
蓝桥名苑 ,30495.0,93.45794392523365,0,0
中旅城仕公馆 ,32673.0,87.22798641079791,0,0
京惠花园 ,39484.0,141.8296018640462,0,0
南肖埠社区 ,47995.0,93.75976664235858,0,0
后珠辰秀嘉园 ,30664.0,79.89825202191494,0,0
宋都阳光国际 ,36909.0,86.69972093527323,0,0
采荷绿萍 ,47691.0,39.83980205908872,0,0
九月庭院 ,37289.0,117.99726460886589,0,0
德信大家钱江府 ,54128.0,88.67868755542418,0,0
夕照新村 ,59537.0,47.029578245460804,0,0
丁桥兰苑 ,27954.0,93.00994490949417,0,0
天成嘉苑 ,43094.0,108.59980507727293,0,0
丁桥景园北苑 ,27766.0,93.6397032341713,0,0
卓越蔚蓝领秀一期 ,29636.0,89.41827507085976,0,0
金雅苑社区 ,33600.0,87.79761904761905,0,0
久睦苑 ,30850.0,63.20907617504052,0,0
丁桥兰苑 ,28458.0,87.84875957551479,0,0
丁桥颐景园 ,33598.0,117.56652181677481,0,0
罗兰春天 ,39763.0,84.2491763699922,0,0
蓝桥名苑 ,32128.0,88.70766932270917,0,0
万科魅力之城 ,38004.0,88.14861593516471,0,0
三里亭苑三区 ,41493.0,59.769117682500664,0,0
三里亭苑二区 ,36633.0,80.52848524554364,0,0
九月庭院 ,38164.0,130.48946651294415,0,0
红街公寓 ,45017.0,85.07897016682587,0,0
海棠公寓 ,37213.0,88.67868755542418,0,0
金色黎明一期 ,52541.0,86.59903694257818,0,0
海景城花园 ,31343.0,121.23919216411959,0,0
蓝桥名苑 ,29867.0,93.74895369471322,0,0
丁桥兰苑 ,32110.0,102.14886328246652,0,0
丁桥兰苑 ,24808.0,90.69654950016124,0,0
景芳三区 ,48957.0,54.129133729599445,0,0
采荷小区洁莲邨 ,56856.0,54.699591951597014,0,0
华家池 ,45052.0,67.69954718991387,0,0
阳光逸城 ,31452.0,61.99923693246852,0,0
华家池 ,45373.0,60.60873206532519,0,0
华家池 ,41734.0,37.13998178942828,0,0
盛世钱塘 ,66221.0,146.47921354253182,0,0
宋都阳光国际 ,38952.0,84.7196549599507,0,0
观音塘小区 ,53230.0,56.359195942137895,0,0
康恒悦麒美寓 ,39647.0,88.27906272857972,0,0
金色黎明一期 ,50224.0,89.59859827970692,0,0
蓝桥名苑 ,31223.0,89.67748134388111,0,0
景苑公寓 ,42228.0,75.77910391209623,0,0
滨江曙光之城 ,45013.0,139.9595672361318,0,0
观音塘小区 ,45488.0,68.14984171649665,0,0
后珠美邻嘉苑 ,28348.0,88.1896430083251,0,0
后珠美邻嘉苑 ,30097.0,89.70993786756155,0,0
北城枫景园 ,32436.0,61.65988407941793,0,0
九月庭院 ,38073.0,135.26646179707404,0,0
采荷小区洁莲邨 ,56180.0,53.399786400854396,0,0
采荷街道青荷苑 ,55840.0,62.67908309455587,0,0
秋涛雅苑 ,45880.0,58.84917175239756,0,0
丁桥大唐苑 ,28073.0,94.39675132689773,0,0
天成嘉苑 ,37314.0,200.99694484643834,0,0
三里新城桂苑 ,39163.0,80.68840487194547,0,0
玺之湾 ,34323.0,117.99667861200943,0,0
红苹果家园 ,31932.0,112.73957158962796,0,0
和谐嘉园南苑 ,49073.0,112.0779247243902,0,0
蔚蓝公寓 ,61471.0,86.2195181467684,0,0
中豪四季公馆 ,33122.0,156.99535052231144,0,0
景芳新五区 ,43310.0,77.3493419533595,0,0
万象城悦府 ,79859.0,90.15890507018621,0,0
联合格里 ,31877.0,86.26909684098253,0,0
后珠辰秀嘉园 ,27479.0,90.97856544997998,0,0
丁桥景园北苑 ,26187.0,83.24741283843129,0,0
采荷小区翠柳邨 ,61972.0,68.57935841993158,0,0
三里亭苑三区 ,43599.0,50.45987293286543,0,0
中豪四季公馆 ,30419.0,131.4967618922384,0,0
金牛坊 ,46820.0,82.2298163178129,0,0
阳光逸城 ,31801.0,61.31882645199836,0,0
冠宇隽园 ,34912.0,89.36755270394134,0,0
万科魅力之城 ,35956.0,88.99766381132495,0,0
绿城玉兰公寓 ,51447.0,87.46865706455186,0,0
金色黎明二期 ,47779.0,89.57910379036815,0,0
新和嘉苑 ,41065.0,121.75818823815902,0,0
青春都市公寓 ,55665.0,102.39827539746699,0,0
采荷东区 ,50884.0,74.67966354846317,0,0
锦润公寓 ,48588.0,89.52827858730551,0,0
远洋心里 ,41620.0,88.89956751561749,0,0
三里亭苑三区 ,39476.0,59.52984091599959,0,0
金色黎明二期 ,48956.0,136.857586404118,0,0
后珠辰秀嘉园南区 ,25600.0,92.96875,0,0
丁桥兰苑 ,28312.0,89.0081944051992,0,0
昆仑天籁 ,33625.0,104.08921933085502,0,0
绿城玉兰公寓 ,55518.0,86.45844590943477,0,0
金雅苑社区 ,29040.0,136.01928374655648,0,0
景芳三区 ,47279.0,58.79989001459422,0,0
金雅苑社区 ,32461.0,87.79766489017591,0,0
蓝桥名苑 ,31844.0,76.3095088556714,0,0
广宇上东名筑 ,34900.0,85.95988538681948,0,0
景芳四区 ,44023.0,81.54828158008314,0,0
万科紫台 ,47753.0,88.99964400142399,0,0
阳光逸城 ,33065.0,61.99909269620444,0,0
城发云锦城 ,28628.0,87.32709235713288,0,0
保利罗兰香谷 ,26441.0,88.87712265042926,0,0
九月庭院 ,38432.0,117.08992506244796,0,0
置鼎明珠1号 ,23888.0,85.8171466845278,0,0
金色黎明三期 ,44944.0,88.99964400142399,0,0
南肖埠北景西苑 ,42613.0,104.42822612817685,0,0
红街天城公寓 ,21886.0,68.53696426939597,0,0
万象城悦玺 ,49136.0,50.879192445457505,0,0
宋都阳光国际 ,39522.0,86.02803501847073,0,0
景芳新五区 ,44550.0,57.23905723905724,0,0
景芳新五区 ,38845.0,73.36851589651178,0,0
南肖埠景和苑 ,57472.0,86.9988864142539,0,0
宋都凯旋苑 ,47431.0,115.95791781746115,0,0
景芳三区 ,45892.0,69.72892878933148,0,0
天城铭园 ,40234.0,70.33851965998906,0,0
泊林印象 ,42958.0,162.71707248940825,0,0
南肖埠庆和苑 ,48149.0,269.9952231614364,0,0
清泰小区 ,50548.0,124.23834770910817,0,0
南肖埠北景西苑 ,44831.0,110.63772835760969,0,0
德信金泊林公寓 ,39331.0,139.83880399684728,0,0
中兴九洲芳园 ,34747.0,129.50758338849397,0,0
玺之湾 ,34832.0,88.99862195682131,0,0
香滨湾花园 ,36025.0,160.99930603747399,0,0
远洋心里 ,44904.0,140.29930518439338,0,0
晨光绿苑南苑 ,32265.0,151.8673485200682,0,0
宋都凯旋苑 ,52906.0,124.7495558159755,0,0
天阳九筑 ,46808.0,89.72825158092634,0,0
丽江公寓 ,48912.0,208.53778213935232,0,0
城市之星 ,79961.0,225.1097409987369,0,0
郡原九润公寓 ,28646.0,169.30810584374782,0,0
丽江公寓 ,41755.0,80.22991258531913,0,0
罗兰春天 ,38484.0,68.85978588504314,0,0
新中宇维萨 ,51460.0,89.38981733385154,0,0
三里新城荷苑 ,40323.0,89.27907149765642,0,0
天城府 ,40770.0,139.80868285504047,0,0
天运花园 ,44893.0,144.7887198449647,0,0
钱塘航空大厦 ,27147.0,139.97863483994547,0,0
北城枫景园 ,32796.0,58.8486400780583,0,0
闸弄口新村 ,42709.0,47.99925074340303,0,0
景芳新五区 ,46148.0,52.439975730259164,0,0
景芳水湘苑 ,44304.0,41.07981220657277,0,0
和谐嘉园北苑 ,50738.0,117.2691079664157,0,0
阳光城普升 ,41355.0,89.4692298391972,0,0
景苑公寓 ,40007.0,119.97900367435699,0,0
三里亭苑二区 ,42471.0,113.01829483647666,0,0
红苹果家园 ,28749.0,169.74503460989948,0,0
郡原相江公寓 ,45510.0,139.96923753021315,0,0
采荷小区玉荷邨 ,58155.0,39.549479838363,0,0
长睦邻里人家西苑 ,28665.0,88.95866038723182,0,0
机神新村 ,38695.0,74.42822070034889,0,0
左邻右舍 ,35374.0,97.52925877763329,0,0
三里亭一区 ,35764.0,93.66961190023487,0,0
南肖埠社区 ,42266.0,70.97903752425117,0,0
凯旋路104号 ,49859.0,60.16967849335125,0,0
华家池 ,44121.0,62.328596360009975,0,0
丁桥景园北苑 ,27388.0,83.24813787060026,0,0
原筑壹号 ,32023.0,88.99853230490585,0,0
冠宇隽园 ,32153.0,88.63869623363294,0,0
冠宇隽园 ,33481.0,109.01705444879185,0,0
九月庭院 ,32187.0,130.4874638829341,0,0
机场路137号 ,36898.0,66.39926283267386,0,0
后珠美都雅苑 ,26196.0,91.61704076958314,0,0
景芳新五区 ,45505.0,54.9390176903637,0,0
后珠美邻嘉苑 ,30714.0,87.90779449111155,0,0
中兴九洲芳园 ,39252.0,86.61979007439112,0,0
泊林印象 ,41971.0,136.9993566986729,0,0
百合公寓 ,36639.0,136.46660662135974,0,0
万科魅力之城 ,35780.0,108.99944102850755,0,0
万科魅力之城 ,34428.0,87.1383757406762,0,0
天阳观筑 ,33450.0,89.08819133034379,0,0
天城府 ,45964.0,115.30763205987294,0,0
香滨湾花园 ,36864.0,89.51822916666667,0,0
闸弄口新村 ,42877.0,66.46920260279404,0,0
联合格里 ,34855.0,120.49921101707072,0,0
郡原相江公寓 ,39887.0,87.74788778298694,0,0
郡原九润公寓 ,40259.0,88.17904071139372,0,0
景芳五区 ,45788.0,54.59945837337293,0,0
丁桥景园南苑 ,35939.0,100.16973204596678,0,0
联合格里 ,35027.0,74.22845233676878,0,0
凯旋路110号 ,55998.0,61.60934319082824,0,0
水岸帝景 ,57240.0,206.14954577218728,0,0
美达浅草名苑 ,34116.0,96.72880759760817,0,0
大家多立方 ,36962.0,87.9281424165359,0,0
蓝桥名苑 ,31105.0,96.44751647645073,0,0
金色黎明一期 ,49577.0,89.7593642213123,0,0
采荷街道商教苑社区 ,53157.0,46.08988468122731,0,0
玺之湾 ,37552.0,89.20962931401789,0,0
金秋花园 ,46069.0,62.94905467885129,0,0
远洋心里 ,42943.0,88.48939291619124,0,0
郡原相江公寓 ,39175.0,84.7479259731972,0,0
新江花园 ,33549.0,92.99830099257802,0,0
采荷小区金谷邨 ,56099.0,55.259452040143316,0,0
凯旋新村 ,58584.0,56.329373207701764,0,0
濮家东村 ,46934.0,63.919546597349466,0,0
紫玉名府 ,60043.0,79.60961311060407,0,0
广宇上东臻品 ,32039.0,83.64805393426761,0,0
蓝天城市花园 ,45322.0,119.14743391730285,0,0
保利罗兰香谷 ,26810.0,89.51883625512869,0,0
北城枫景园 ,26204.0,82.04854220729659,0,0
阳光逸城 ,27466.0,78.27859899512124,0,0
后珠美都雅苑 ,25137.0,89.50948800572861,0,0
夕照新村 ,52913.0,48.75928410787519,0,0
保利罗兰香谷 ,26125.0,133.58851674641147,0,0
中企艮山府 ,50392.0,89.29988887124941,0,0
远洋香奈 ,36326.0,89.4675989649287,0,0
钱江四苑 ,50158.0,139.55899358028628,0,0
德信大家钱江府 ,48849.0,89.04992937419395,0,0
阳光逸城 ,33539.0,64.99895643877277,0,0
采荷小区紫藕邨 ,60516.0,50.399894242844866,0,0
钱塘航空大厦 ,27366.0,107.79799751516481,0,0
红街天城公寓 ,22223.0,35.998740044098454,0,0
红街天城公寓 ,21214.0,77.7788253040445,0,0
红街天城公寓 ,22013.0,36.56929995911507,0,0
滨江曙光之城 ,47339.0,138.99744396797567,0,0
景苑公寓 ,45407.0,75.97947453035876,0,0
采荷小区紫藕邨 ,54667.0,74.99954268571533,0,0
南肖埠北景西苑 ,43772.0,182.30832495659325,0,0
紫玉福邸 ,56310.0,139.93961996093057,0,0
景芳二区 ,45305.0,57.38880918220947,0,0
滨江曙光之城 ,81084.0,104.82955946919245,0,0
宋都凯旋苑 ,55942.0,132.2798612849022,0,0
香滨湾花园 ,29934.0,276.6085387853277,0,0
原筑壹号 ,36232.0,137.9995584014131,0,0
天阳观筑 ,32182.0,88.55882170157231,0,0
天成嘉苑 ,42036.0,112.99838233894756,0,0
红街公寓 ,42074.0,157.81717925559727,0,0
红苹果家园 ,28553.0,178.6152068083914,0,0
玺之湾 ,32486.0,89.26922366557902,0,0
广宇上东名筑 ,34083.0,83.61939970073057,0,0
郡原相江公寓 ,47709.0,138.33867823681067,0,0
广宇上东臻品 ,37160.0,150.69967707212055,0,0
南肖埠景和苑 ,52720.0,132.39757207890744,0,0
中兴九洲芳园 ,36051.0,88.20837147374553,0,0
美达浅草名苑 ,33140.0,211.2251056125528,0,0
龙湖武林九里 ,44640.0,120.96774193548387,0,0
远洋香奈 ,35861.0,87.83915674409526,0,0
德信大家钱江府 ,56647.0,89.14858686249934,0,0
钱江国际时代广场 ,31240.0,57.61843790012804,0,0
康恒悦麒美寓 ,42132.0,87.81923478591095,0,0
丁桥大唐苑 ,22534.0,149.99556226147155,0,0
闸弄口新村 ,40841.0,50.929213290565855,0,0
丁桥兰苑 ,30113.0,88.99810712981105,0,0
中企艮山府 ,46175.0,205.7390362750406,0,0
景芳三区 ,49287.0,47.67991559640473,0,0
景芳三区 ,45926.0,33.74994556460393,0,0
红街天城公寓 ,21986.0,77.77676703356681,0,0
置鼎明珠1号 ,30022.0,40.96995536606489,0,0
景芳新五区 ,45039.0,130.99757987521926,0,0
阳光逸城 ,31130.0,61.99807259877931,0,0
南肖埠北景东苑 ,44475.0,74.19898819561551,0,0
罗兰春天 ,45969.0,52.20909743522809,0,0
景芳六区 ,42986.0,54.66896198762388,0,0
濮家东村 ,43265.0,50.8494163873801,0,0
景芳东区 ,43582.0,37.85966683493185,0,0
凯旋新村 ,57996.0,48.27919166839092,0,0
蔚蓝公寓 ,60948.0,86.95937520509287,0,0
罗兰春天 ,33140.0,85.9987929993965,0,0
首开武林8栋 ,40347.0,73.85927082558803,0,0
中企艮山府 ,45843.0,88.99941103330934,0,0
滨江华家池 ,61632.0,139.53790238836967,0,0
海景城花园 ,30136.0,119.45845500398195,0,0
东茂苑 ,38010.0,57.87950539331755,0,0
美达浅草名苑 ,34089.0,123.20689958637684,0,0
采荷小区红菱邨 ,64038.0,29.669883506667915,0,0
原筑壹号 ,16643.0,75.10665144505198,0,0
天运花园 ,42291.0,46.10910122721146,0,0
东亚新干线 ,31946.0,42.25881174481938,0,0
长睦邻里人家东苑 ,28601.0,89.1577217579805,0,0
向江来时代中心 ,39848.0,60.22886970487854,0,0
万家花园家和苑 ,45466.0,82.47921523776009,0,0
金雅苑社区 ,32561.0,88.44937194803599,0,0
康恒悦麒美寓 ,41176.0,87.42957062366428,0,0
天阳九筑 ,36575.0,131.23718386876283,0,0
天阳尚城国际二期 ,45163.0,88.56807563713659,0,0
保利罗兰香谷 ,25135.0,89.51661030435648,0,0
新城红郡 ,28652.0,88.99902275582856,0,0
东城印象公寓 ,54097.0,88.72950440874725,0,0
万家花园万和苑 ,45633.0,61.35910415707931,0,0
景芳六区 ,43750.0,104.0,0,0
保利罗兰香谷 ,32023.0,88.99853230490585,0,0
中企艮山府 ,47684.0,88.07985907222549,0,0
德信大家钱江府 ,51038.0,89.1492613346918,0,0
龙湖武林九里 ,39658.0,109.68783095466236,0,0
冠宇隽园 ,31193.0,108.99881383643766,0,0
滨江凯旋门 ,69567.0,176.8079692957868,0,0
南肖埠小区庆春苑 ,46913.0,82.27996504167288,0,0
红街天城公寓 ,22013.0,36.56929995911507,0,0
金雅苑社区 ,32835.0,86.7976244860667,0,0
天成嘉苑 ,39853.0,130.47951220736206,0,0
保利罗兰香谷 ,28709.0,118.42976070221881,0,0
省水利厅宿舍 ,43561.0,89.52962512339019,0,0
机神新村 ,41373.0,49.549222923162446,0,0
九月庭院 ,33899.0,117.99758104958849,0,0
三里亭苑三区 ,40449.0,54.38947810823506,0,0
南肖埠文景苑 ,56453.0,127.53972330965583,0,0
德信金泊林公寓 ,37111.0,80.8385653849263,0,0
远洋心里 ,45101.0,88.6898294938028,0,0
华鸿汇盛德堡 ,29749.0,89.07862449157955,0,0
丁桥颐景园 ,34666.0,73.55910690590204,0,0
景芳六区 ,44451.0,73.78911610537446,0,0
滨江曙光之城 ,47031.0,139.90772043970998,0,0
联合格里 ,31357.0,76.53793411359506,0,0
天阳观筑 ,33731.0,88.93895822833595,0,0
金牛坊 ,58605.0,75.07891818104257,0,0
景芳五区 ,46937.0,40.479792061699726,0,0
天阳尚城国际二期 ,45044.0,88.35804990675784,0,0
淮矿东元府 ,42388.0,89.64801358875154,0,0
世茂东壹号 ,36342.0,115.56876341423147,0,0
中海御道 ,58071.0,134.31833445265278,0,0
濮家新村 ,43253.0,57.79945899706379,0,0
首开武林8栋 ,43157.0,89.20916653150127,0,0
雍和府 ,44788.0,89.30963650977941,0,0
丁桥大唐苑 ,26369.0,95.56676400318555,0,0
景芳五区 ,43621.0,73.35916187157562,0,0
美达浅草名苑 ,32062.0,127.8772378516624,0,0
阳光逸城 ,30170.0,61.31919124958568,0,0
景芳新五区 ,46655.0,68.15989711713642,0,0
金地格林格林 ,28439.0,86.14930201483878,0,0
钱江国际时代广场 ,26642.0,75.06943923128894,0,0
东亚新干线 ,32942.0,42.49893752656184,0,0
万家花园万和苑 ,35686.0,308.2441293504456,0,0
景芳一区 ,43332.0,73.84842610541862,0,0
玺之湾 ,33599.0,89.2883716777285,0,0
郡枫绿园东区 ,35099.0,62.67984842873016,0,0
景苑公寓 ,42228.0,75.77910391209623,0,0
中企艮山府 ,42554.0,89.29830333223669,0,0
保利罗兰香谷 ,29688.0,127.99784424683374,0,0
中豪四季公馆 ,35032.0,156.9993149120804,0,0
天阳九筑 ,46959.0,89.4397240145659,0,0
阳光城翡丽湾 ,39168.0,89.35866013071896,0,0
南肖埠北景西苑 ,41577.0,110.63809317651587,0,0
联合麦田 ,22279.0,39.49907985098074,0,0
景芳新五区 ,42664.0,77.3485842865179,0,0
广利佳苑 ,39804.0,89.43824741232037,0,0
南肖埠景和苑 ,44909.0,93.29978400765994,0,0
美达浅草名苑 ,32818.0,127.97854835760863,0,0
美达浅草名苑 ,32693.0,128.4678677392714,0,0
圣奥领寓 ,40499.0,128.39823205511246,0,0
冠宇隽园 ,30113.0,88.99810712981105,0,0
景芳六区 ,41782.0,86.87951749557226,0,0
金秋花园 ,41270.0,109.0380421613763,0,0
后珠美邻嘉苑 ,29018.0,89.59955889447929,0,0
广宇东承府 ,31812.0,137.9982396579907,0,0
闻皇庙社区 ,40775.0,48.559166155732676,0,0
城发云锦城 ,25968.0,123.99876771410968,0,0
广宇上东臻品 ,33899.0,117.99758104958849,0,0
北城铭苑 ,40917.0,61.0992985800523,0,0
天阳尚城国际一期 ,47096.0,89.179548156956,0,0
罗兰春天 ,35956.0,88.99766381132495,0,0
原筑壹号 ,33547.0,109.69684323486452,0,0
原筑壹号 ,38830.0,72.10919392222509,0,0
三里亭苑四区 ,39986.0,85.5299354774171,0,0
秋涛雅苑 ,43223.0,134.18781667167943,0,0
沁园雅舍 ,46188.0,97.42790335151987,0,0
红街公寓 ,43273.0,61.23910983754304,0,0
郡枫绿园西区 ,32748.0,62.59924270184439,0,0
红街公寓 ,44113.0,85.00895427651713,0,0
沁园雅舍 ,46077.0,116.10998979968313,0,0
左邻右舍 ,38800.0,78.6082474226804,0,0
滨江凯旋门 ,78967.0,139.298694391328,0,0
万科紫台 ,44944.0,88.99964400142399,0,0
泊林印象 ,42083.0,121.18907872537605,0,0
广宇上东领地 ,35299.0,133.14824782571745,0,0
金色黎明一期 ,47992.0,89.59826637772962,0,0
丽江公寓 ,39089.0,89.53925656834403,0,0
天阳观筑 ,35136.0,73.99817850637523,0,0
采荷小区金谷邨 ,54773.0,55.31922662625746,0,0
清泰小区 ,55281.0,78.68888044716991,0,0
双菱新村 ,61756.0,40.319968909903494,0,0
景芳二区 ,47555.0,58.87919251393124,0,0
天阳九筑 ,41199.0,89.80800504866623,0,0
首开武林8栋 ,48040.0,89.50874271440466,0,0
北城枫景园 ,30674.0,62.91973658472974,0,0
景芳东区 ,43749.0,59.429929826967474,0,0
采荷小区玉荷邨 ,60345.0,46.3998674289502,0,0
采荷街道商教苑社区 ,50371.0,52.60963649719084,0,0
宋都阳光国际 ,38297.0,121.41943233151422,0,0
置鼎明珠1号 ,25516.0,45.069760150493806,0,0
东亚新干线 ,30553.0,42.54901319019409,0,0
置鼎明珠1号 ,26361.0,40.96961420279959,0,0
首开武林8栋 ,36556.0,73.85928438560018,0,0
克拉公馆 ,24530.0,40.35874439461883,0,0
新城时代广场 ,32103.0,93.44921035417251,0,0
百大绿城西子国际 ,40331.0,48.34990453993206,0,0
东方君悦 ,47054.0,64.81914396225613,0,0
原筑壹号 ,15557.0,77.13569454264962,0,0
原筑壹号 ,36738.0,108.87908977080951,0,0
运新花苑二区 ,54433.0,134.10982308526079,0,0
紫玉名府 ,60151.0,79.79917208358964,0,0
德信金泊林公寓 ,35022.0,117.0692707441037,0,0
景苑公寓 ,44749.0,75.97935149388813,0,0
采荷街道商教苑社区 ,55704.0,60.13930776963952,0,0
丽江公寓 ,38932.0,113.7881434295695,0,0
郡原九润公寓 ,34535.0,114.37671927030549,0,0
景芳新五区 ,41365.0,68.89882751118095,0,0
罗兰春天 ,33704.0,100.87823403750296,0,0
广宇上东臻品 ,34987.0,130.04830365564354,0,0
三里家园三区 ,41085.0,97.35913350371182,0,0
滨江曙光之城 ,49752.0,138.68789194404246,0,0
华家池 ,44294.0,67.72926355714092,0,0
阳光逸城 ,30646.0,61.998303204333354,0,0
采荷新村 ,53597.0,56.15985969363957,0,0
天阳尚城国际一期 ,44944.0,88.99964400142399,0,0
蓝桥景苑 ,33708.0,88.99964400142399,0,0
三里家园三区 ,36059.0,94.28991375246125,0,0
静怡花苑 ,47256.0,71.94853563568647,0,0
红街天城公寓 ,21767.0,64.31754490742868,0,0
濮家东村 ,40921.0,82.59817697514724,0,0
景芳一区 ,44083.0,67.5997550075993,0,0
丁桥兰苑 ,28000.0,100.0,0,0
丁桥颐景园 ,32054.0,86.72864541086916,0,0
天成嘉苑 ,39914.0,92.69930350253044,0,0
景芳六区 ,43911.0,103.61868324565599,0,0
东茂苑 ,46013.0,68.45891378523461,0,0
红苹果家园 ,33735.0,124.49977767896843,0,0
滨江凯旋门 ,75172.0,89.1289309849412,0,0
联合格里 ,35671.0,89.70872697709623,0,0
宋都阳光国际 ,40249.0,86.95868220328455,0,0
景芳六区 ,36930.0,127.2678039534254,0,0
万科魅力之城 ,34832.0,88.99862195682131,0,0
蔚蓝公寓 ,62572.0,87.09966119030877,0,0
闸弄口新村 ,45524.0,65.89930586064493,0,0
百大绿城西子国际 ,45365.0,121.23884051581616,0,0
红街公寓 ,44025.0,85.17887563884156,0,0
建电新村 ,54271.0,77.38939765252161,0,0
天阳尚城国际一期 ,43559.0,119.37831447002915,0,0
万家花园欣和苑 ,40779.0,165.5263738689031,0,0
景芳新五区 ,35841.0,112.99907926676153,0,0
天阳观筑 ,36575.0,88.8585099111415,0,0
滨江曙光之城 ,48046.0,138.61715855638346,0,0
景芳三区 ,46788.0,33.76934256647004,0,0
滨江曙光之城 ,44812.0,139.9178791395162,0,0
闻皇庙社区 ,43816.0,50.2099689611101,0,0
景芳水湘苑 ,43526.0,82.70918531452465,0,0
茶厂宿舍 ,55351.0,43.35965023215479,0,0
三里新城橘苑 ,41208.0,82.50825082508251,0,0
郡原九润公寓 ,39556.0,88.22934573768833,0,0
红苹果家园 ,32227.0,113.25906848294908,0,0
红街公寓 ,44585.0,61.679937198609394,0,0
万科紫台 ,45101.0,88.6898294938028,0,0
万科紫台 ,42135.0,88.99964400142399,0,0
保利罗兰香谷 ,32872.0,86.69992698953517,0,0
凯旋新村 ,55556.0,60.29951760385917,0,0
万科魅力之城 ,35956.0,88.99766381132495,0,0
万科魅力之城 ,39688.0,88.18786534972787,0,0
青春都市公寓 ,61909.0,94.00894861813306,0,0
金色黎明二期 ,46630.0,88.99849882050182,0,0
万科紫台 ,46896.0,89.55987717502559,0,0
三里家园三区 ,39343.0,86.4194392903439,0,0
丁桥颐景园 ,35074.0,73.55876147573701,0,0
万科紫台 ,43821.0,88.99842541247347,0,0
天阳九筑 ,37875.0,73.3993399339934,0,0
宋都凯旋苑 ,49157.0,121.44760664808675,0,0
昆仑天籁 ,36182.0,87.05986402078382,0,0
红苹果家园 ,32899.0,95.74759111219186,0,0
九月庭院 ,35122.0,98.229030237458,0,0
浙江大学华家池校区 ,52004.0,77.8786247211753,0,0
万科魅力之城 ,35394.0,88.99813527716562,0,0
新中宇维萨 ,48408.0,88.82829284415799,0,0
丁桥景园南苑 ,25851.0,100.5763800239836,0,0
三里亭一区 ,39955.0,52.559129020147665,0,0
保利梧桐语 ,43552.0,89.54812637766348,0,0
远洋心里 ,43977.0,120.5175432612502,0,0
北城铭苑 ,31452.0,61.99923693246852,0,0
宋都阳光国际 ,46472.0,174.29850232398002,0,0
郡原相江公寓 ,35076.0,88.3795187592656,0,0
三里新城橘苑 ,44768.0,82.6483202287348,0,0
中兴九洲芳园 ,34577.0,88.20892500795327,0,0
金雅苑社区 ,33229.0,85.76845526497938,0,0
三里亭苑四区 ,39696.0,62.97863764611044,0,0
罗兰春天 ,34745.0,85.7677363649446,0,0
万科草庄 ,49652.0,131.91815032627085,0,0
郡枫绿园东区 ,33923.0,63.37882852342069,0,0
丁桥家苑 ,34356.0,78.58889276982187,0,0
宋都阳光国际 ,37785.0,84.68969167659124,0,0
和谐嘉园南苑 ,56149.0,134.99795187803878,0,0
新中宇维萨 ,51426.0,89.44891689028896,0,0
广宇上东名筑 ,33234.0,83.64927483902028,0,0
新江花园 ,34952.0,78.67933165484092,0,0
万科紫台 ,42135.0,88.99964400142399,0,0
景苑公寓 ,39596.0,73.23972118395798,0,0
农业厅第三住宅区 ,44595.0,54.938894494898534,0,0
淮矿东元府 ,44944.0,88.99964400142399,0,0
笕桥花苑 ,34272.0,96.28851540616246,0,0
濮家新村 ,45815.0,48.019207683073226,0,0
中海御道 ,61925.0,112.87848203471943,0,0
金色黎明一期 ,46582.0,113.77785410673651,0,0
万家花园万和苑 ,47471.0,64.24975248046175,0,0
闸弄口新村 ,41375.0,47.12990936555891,0,0
冠宇隽园 ,32559.0,128.99659080438587,0,0
丁桥颐景园 ,33352.0,72.55936675461741,0,0
雍和府 ,40483.0,108.68759726304869,0,0
滨江曙光之城 ,46800.0,125.0,0,0
阳光城普升 ,42204.0,117.99829400056866,0,0
金雅苑社区 ,32911.0,85.07793746771596,0,0
广宇上东臻品 ,28987.0,125.22855072963742,0,0
阳光城翡丽湾 ,30675.0,78.239608801956,0,0
京惠花园 ,36058.0,74.87936102945255,0,0
金色黎明二期 ,48215.0,83.9987555739915,0,0
双菱新村 ,58634.0,58.83958113040216,0,0
红街天城公寓 ,25151.0,34.98866844260665,0,0
淮矿东元府 ,40206.0,89.53887479480674,0,0
景芳四区 ,40948.0,60.80883071212269,0,0
红街公寓 ,44133.0,61.178709808986476,0,0
天城府 ,42536.0,85.80966710551063,0,0
天阳明朗 ,35956.0,88.99766381132495,0,0
中豪四季公馆 ,35665.0,86.91994953035189,0,0
天阳凤起 ,68463.0,132.91851072842266,0,0
远洋香奈 ,37817.0,88.84893037522808,0,0
红街天城公寓 ,22609.0,34.49953558317484,0,0
红街天城公寓 ,22013.0,36.56929995911507,0,0
沁园雅舍 ,25040.0,43.9297124600639,0,0
紫晶商务城 ,28768.0,36.49888765294772,0,0
杰立公馆 ,29018.0,44.799779447239644,0,0
原筑壹号 ,16824.0,74.29862101759392,0,0
红街天城公寓 ,21876.0,36.56975681111721,0,0
蓝天公寓 ,32947.0,151.758885482745,0,0
凯旋路104号 ,47139.0,59.39879929569995,0,0
水岸帝景 ,67925.0,206.1096797938903,0,0
广宇上东名筑 ,33334.0,83.99832003359933,0,0
康恒悦麒美寓 ,38659.0,87.94847254196952,0,0
美达浅草名苑 ,29567.0,121.75736462948558,0,0
郡原相江公寓 ,38471.0,88.37825894829872,0,0
丽江公寓 ,46008.0,89.54964354025387,0,0
丽江公寓 ,46252.0,75.2399896220704,0,0
南肖埠景和苑 ,49355.0,118.52902441495289,0,0
郡原相江公寓 ,47536.0,136.73847189498485,0,0
金色黎明一期 ,45419.0,137.6076091503556,0,0
采荷小区红菱邨 ,56628.0,39.37981210708483,0,0
万象城悦府 ,78652.0,88.99964400142399,0,0
南肖埠社区 ,47763.0,66.15999832506333,0,0
景芳六区 ,44636.0,61.6094632135496,0,0
天成嘉苑 ,44936.0,108.59889620794019,0,0
广宇上东名筑 ,36478.0,79.49997258621634,0,0
景芳六区 ,45877.0,59.288968328356255,0,0
三里新城橘苑 ,39584.0,95.9983831851253,0,0
浙江大学华家池校区 ,57182.0,89.18890559966422,0,0
天庐苑 ,36388.0,130.53753984830163,0,0
后珠辰秀嘉园南区 ,28478.0,91.29854624622516,0,0
城市之星 ,77102.0,194.54748255557573,0,0
后珠家苑 ,27763.0,93.64982170514713,0,0
郡原相江公寓 ,37460.0,89.42872397223705,0,0
三里亭苑四区 ,35058.0,70.73991670945291,0,0
景芳一区 ,45038.0,33.749278387139746,0,0
中兴九洲芳园 ,35915.0,139.21759710427398,0,0
丁桥兰苑 ,25186.0,106.40832208369729,0,0
采荷街道商教苑社区 ,55453.0,59.5098551926857,0,0
采荷新村 ,53315.0,57.769858388821156,0,0
宋都阳光国际 ,36616.0,86.02796591653922,0,0
万科草庄 ,47757.0,131.9178340348012,0,0
三里亭一区 ,35265.0,70.60825180774138,0,0
康恒悦麒美寓 ,42503.0,84.69990353622097,0,0
金色黎明一期 ,46875.0,89.6,0,0
南肖埠北景东苑 ,51201.0,84.95927813909884,0,0
万家花园家和苑 ,43166.0,132.04837140341937,0,0
后珠辰秀嘉园南区 ,30606.0,93.11899627524015,0,0
宋都阳光国际 ,45162.0,154.9975643239892,0,0
采荷东区 ,44213.0,65.13921244882727,0,0
郡枫绿园西区 ,34117.0,63.018436556555386,0,0
玺之湾 ,31916.0,134.72866273969169,0,0
泊林印象 ,41941.0,133.9977587563482,0,0
石桥路151号 ,33163.0,99.50848837559931,0,0
万科紫台 ,42135.0,88.99964400142399,0,0
三里新城兰苑 ,42999.0,106.97923207516453,0,0
三里新城兰苑 ,38911.0,118.21849862506747,0,0
郡原九润公寓 ,37611.0,114.32825503177261,0,0
观音塘小区 ,52417.0,56.27945132304405,0,0
郡原九润公寓 ,39552.0,84.69862459546925,0,0
农港苑 ,29941.0,61.78818342740723,0,0
绿城玉兰公寓 ,48934.0,85.829893325704,0,0
采荷东区 ,52725.0,85.34850640113798,0,0
沁园雅舍 ,43258.0,131.76753432891027,0,0
宋都阳光国际 ,40370.0,86.69804310131286,0,0
宋都阳光国际 ,40370.0,86.69804310131286,0,0
景芳三区 ,43177.0,37.51997591310188,0,0
九月庭院 ,40915.0,153.97775876817792,0,0
首开武林8栋 ,39037.0,89.65852908778851,0,0
万科大家钱塘府 ,68955.0,130.51990428540353,0,0
昆仑天籁 ,33497.0,122.39902080783354,0,0
万科大家钱塘府 ,69833.0,139.61880486303036,0,0
置鼎明珠1号 ,31559.0,40.558953072023826,0,0
置鼎明珠1号 ,29666.0,42.809950785410905,0,0
东亚新干线 ,34404.0,43.599581444018135,0,0
景芳新五区 ,48063.0,66.57928135988182,0,0
鑫运时代金座 ,21596.0,50.009260974254495,0,0
百大绿城西子国际 ,47962.0,153.0378216087736,0,0
置鼎明珠1号 ,24573.0,46.79933260082204,0,0
丽江公寓 ,40610.0,89.87934006402364,0,0
地铁绿城杨柳郡 ,53104.0,90.38867128653209,0,0
淮矿东元府 ,46630.0,88.99849882050182,0,0
阳光城翡丽湾 ,35707.0,89.61828212955443,0,0
龙湖武林九里 ,36208.0,89.75916924436589,0,0
景芳五区 ,41979.0,54.789299411610564,0,0
置鼎明珠1号 ,22632.0,45.06892895015907,0,0
克拉公馆 ,20653.0,67.78676221372197,0,0
杰立公馆 ,29707.0,90.88766957282796,0,0
东方君悦 ,41314.0,91.97850607542237,0,0
新城时代广场 ,29794.0,44.63986037457206,0,0
香滨湾花园 ,33114.0,149.78558917678325,0,0
采荷小区洁莲邨 ,56075.0,53.49977708426215,0,0
圆梦园锦江南苑 ,36333.0,140.36826025926842,0,0
北城铭苑 ,32285.0,61.94827319188477,0,0
华家池 ,60150.0,59.019118869492935,0,0
郡原相江公寓 ,40947.0,87.91852882995092,0,0
蓝桥名苑 ,31283.0,95.89873094012722,0,0
泊林印象 ,47446.0,126.45955401930615,0,0
锦江半岛 ,34036.0,148.0785051122341,0,0
农港苑 ,30709.0,83.03754599628773,0,0
原筑壹号 ,35350.0,111.73974540311174,0,0
海棠公寓 ,36319.0,88.10815275750984,0,0
城发云锦城 ,28334.0,119.99717653702265,0,0
农业厅第三住宅区 ,40423.0,48.239863444078864,0,0
闸弄口新村 ,40000.0,54.5,0,0
采荷绿萍 ,47146.0,57.26890934543758,0,0
美达浅草名苑 ,38688.0,118.89991728701406,0,0
静怡花苑 ,42284.0,113.51811559928105,0,0
联合格里 ,35084.0,76.38809713829666,0,0
京惠花园 ,39699.0,127.20723443915463,0,0
水岸帝景 ,66434.0,142.99906674293283,0,0
明桂北苑 ,38583.0,139.95801259622112,0,0
凯旋路36号 ,56283.0,45.83977399925377,0,0
红街天城公寓 ,21807.0,77.49805108451415,0,0
濮家新村 ,45834.0,47.99930182833704,0,0
广宇东承府 ,32693.0,51.99889884684795,0,0
罗兰春天 ,42295.0,54.379950348740984,0,0
长睦邻里人家东苑 ,30321.0,89.04719501335708,0,0
采荷小区青莼邨 ,55526.0,54.92922234628823,0,0
东城印象公寓 ,55948.0,89.36869950668478,0,0
丁桥景园南苑 ,28317.0,95.34908358936327,0,0
中国铁建国际花园 ,44944.0,88.99964400142399,0,0
南肖埠北景西苑 ,48581.0,65.86937280006588,0,0
锦江半岛 ,35631.0,89.80943560382812,0,0
晨光绿苑南苑 ,34859.0,96.38830718035514,0,0
三里新城桂苑 ,40047.0,59.92958274028017,0,0
三里家园三区 ,36532.0,79.10872659586116,0,0
美达浅草名苑 ,35715.0,125.99748005039899,0,0
德信东望 ,57268.0,87.30879374170567,0,0
锦润公寓 ,49632.0,89.6598968407479,0,0
左邻右舍 ,35375.0,110.24734982332156,0,0
笕桥花苑 ,30914.0,126.15643397813288,0,0
三里新城橘苑 ,44938.0,133.51729048911835,0,0
三里亭苑三区 ,44432.0,35.10983075261073,0,0
红苹果家园 ,32819.0,115.78658703799628,0,0
远洋心里 ,44693.0,89.49947419058913,0,0
丁桥景园南苑 ,29009.0,94.79816608638698,0,0
德信金泊林公寓 ,39585.0,80.8387015283567,0,0
万科魅力之城 ,40179.0,111.99880534607631,0,0
罗兰春天 ,37357.0,85.65998340337822,0,0
后珠美都雅苑 ,28379.0,91.61704076958314,0,0
华家池 ,45916.0,52.26936144263438,0,0
凯旋路104号 ,54856.0,67.4493218608721,0,0
蓝桥名苑 ,32230.0,89.97828110456096,0,0
锦江半岛 ,32130.0,90.2583255524432,0,0
后珠美邻嘉苑 ,30861.0,89.10923171640582,0,0
石桥路151号 ,34190.0,87.15998830067271,0,0
三里家园三区 ,37267.0,79.15850484342717,0,0
郡原相江公寓 ,40000.0,85.0,0,0
宋都阳光国际 ,36137.0,87.1682762819271,0,0
三里亭一区 ,36761.0,66.91874540953728,0,0
美达浅草名苑 ,35162.0,127.97906831238268,0,0
北城枫景园 ,29384.0,63.29975496869044,0,0
长睦家苑 ,32039.0,102.99946939667281,0,0
丁桥大唐苑 ,33981.0,102.99873458697508,0,0
万科草庄 ,49816.0,132.487554199454,0,0
阳光逸城 ,34678.0,61.99896187784763,0,0
钱江新城瑞晶国际 ,41896.0,322.2264655337025,0,0
三里新城柳苑 ,40735.0,116.60734012519946,0,0
广利佳苑 ,40000.0,135.0,0,0
联合格里 ,34937.0,74.41966969115838,0,0
美达浅草名苑 ,34725.0,125.26997840172787,0,0
红街公寓 ,41410.0,137.64791113257667,0,0
红街公寓 ,41500.0,134.04819277108433,0,0
景芳五区 ,48007.0,34.369987710125606,0,0
三里亭苑二区 ,42769.0,51.43912647010686,0,0
冠宇隽园 ,34560.0,89.69907407407408,0,0
采荷东区 ,52175.0,102.53953042644945,0,0
钱江七苑 ,48026.0,156.99829259151292,0,0
郡原相江公寓 ,38747.0,87.74872893385295,0,0
后珠辰秀嘉园南区 ,29163.0,90.86856633405343,0,0
南肖埠社区 ,50000.0,123.0,0,0
滨江曙光之城 ,48051.0,89.48825206551372,0,0
金色黎明二期 ,44383.0,88.99803979000968,0,0
绿城玉兰公寓 ,59246.0,87.76963845660467,0,0
新城红郡 ,31133.0,77.08861979250314,0,0
水岸帝景 ,62175.0,149.57780458383596,0,0
新城红郡 ,35056.0,81.29849383842993,0,0
原筑壹号 ,34008.0,111.73841449070807,0,0
采荷支路 ,52113.0,53.729395736188664,0,0
天庐苑 ,38883.0,123.44726487153768,0,0
京惠花园 ,42682.0,87.85905065367133,0,0
德信东望 ,46190.0,86.59883091578264,0,0
景芳东区 ,42653.0,81.58863385928305,0,0
龙湖名景台二期 ,33334.0,80.99838003239935,0,0
保利罗兰香谷 ,27566.0,88.87760284408328,0,0
广宇上东领地 ,34258.0,65.67808978924631,0,0
远洋心里 ,43288.0,84.3189798558492,0,0
首开武林8栋 ,38203.0,88.99824621103055,0,0
天城府 ,42091.0,85.52897293958328,0,0
蔚蓝公寓 ,58994.0,89.83964470963149,0,0
首开武林8栋 ,39299.0,87.78849334588666,0,0
景芳六区 ,42977.0,139.6095586011122,0,0
天城府 ,52034.0,115.30922089403083,0,0
广大融城印象 ,34957.0,120.14760992075979,0,0
万科大家钱塘府 ,65125.0,130.51823416506718,0,0
红街天城公寓 ,25393.0,29.929508132162407,0,0
濮家东村 ,38989.0,51.80948472646131,0,0
三义锦唐苑 ,24662.0,99.74860108669208,0,0
闸弄口新村 ,40984.0,60.99941440562171,0,0
三里亭苑二区 ,34961.0,78.65907725751552,0,0
龙湖武林九里 ,49751.0,118.1885791240377,0,0
大家多立方 ,36662.0,81.82859636681032,0,0
广大融城印象 ,29848.0,83.08764406325382,0,0
大家多立方 ,39221.0,89.2379082634303,0,0
新城红郡 ,28527.0,89.38899989483647,0,0
交通晓时代 ,44415.0,58.538781943037264,0,0
丁桥兰苑 ,25682.0,89.16751031851102,0,0
南肖埠北景西苑 ,46191.0,92.65874304518196,0,0
冠宇隽园 ,32684.0,79.54962672867458,0,0
东润枫华 ,57291.0,89.01921767816934,0,0
天阳晴朗 ,40733.0,89.6079345984828,0,0
景芳五区 ,47430.0,52.70925574530887,0,0
广宇上东臻品 ,33577.0,136.99854066771897,0,0
金色黎明一期 ,46025.0,122.75936990765888,0,0
濮家新村 ,43441.0,46.03945581363228,0,0
滨江曙光之城 ,48615.0,123.4186979327368,0,0
龙湖名景台一期 ,39015.0,89.70908624887863,0,0
京惠花园 ,44544.0,71.83908045977012,0,0
香滨湾花园 ,33906.0,96.73804046481449,0,0
德信东望 ,53453.0,89.7985145829046,0,0
世茂东壹号 ,45792.0,86.25960866526904,0,0
保利罗兰香谷 ,25843.0,88.998955229656,0,0
雍和府 ,44425.0,87.78840742824985,0,0
滨江凯旋门 ,83966.0,85.74899364028298,0,0
宋都阳光国际 ,39678.0,84.42965875296134,0,0
闸弄口铁路宿舍 ,37564.0,49.24928122670642,0,0
机神新村 ,44080.0,57.168784029038115,0,0
三里亭苑二区 ,42906.0,50.109541789027176,0,0
蓝桥名苑 ,31463.0,77.86924323808918,0,0
杰立公馆 ,26406.0,90.88843444671666,0,0
紫晶商务城 ,31816.0,204.29972340960524,0,0
东方君悦 ,41552.0,64.97882171736619,0,0
中豪凤起广场 ,21790.0,39.00871959614502,0,0
钱江国际时代广场 ,33631.0,72.84945437245399,0,0
东方君悦 ,46598.0,92.27863856817889,0,0
新城市广场 ,24027.0,58.267782078495024,0,0
东方君悦 ,43091.0,64.97876586758255,0,0
地铁东城广场 ,32004.0,61.89851268591426,0,0
百大绿城西子国际 ,43752.0,52.56902541598098,0,0
东亚新干线 ,34030.0,44.078754040552454,0,0
沁园雅舍 ,21747.0,60.69802731411229,0,0
京惠花园 ,23681.0,44.33934377771209,0,0
红街公寓 ,44896.0,53.67961511047755,0,0
景芳五区 ,47722.0,41.909391894723605,0,0
广宇东承府 ,34785.0,50.30904125341383,0,0
广宇东承府 ,33077.0,51.99987907004867,0,0
滨江曙光之城 ,50480.0,138.66877971473852,0,0
保利梧桐语 ,44944.0,88.99964400142399,0,0
招商雍华府 ,37932.0,115.99704734788568,0,0
左邻右舍 ,33196.0,162.06771900228944,0,0
蓝天城市花园 ,43689.0,194.55698230675912,0,0
景芳水湘苑 ,42831.0,151.75923980294647,0,0
万家花园家和苑 ,41903.0,157.5066224375343,0,0
中企艮山府 ,37904.0,211.05951878429718,0,0
滨江华家池 ,50460.0,277.44748315497424,0,0
首开武林8栋 ,39496.0,118.99939234352846,0,0
三里亭苑三区 ,46988.0,33.199965948752876,0,0
向江来时代中心 ,38650.0,38.809831824062094,0,0
香滨湾花园 ,34029.0,136.64815304593142,0,0
保利梧桐语 ,35893.0,128.1586938957457,0,0
罗兰春天 ,30009.0,104.96850944716586,0,0
广宇上东臻品 ,29776.0,88.99785061794734,0,0
南肖埠社区 ,43078.0,83.56933933794512,0,0
圆梦园 ,31842.0,119.33923748508259,0,0
郡原相江公寓 ,38349.0,88.65941745547472,0,0
广大融城印象 ,32530.0,89.1484783276975,0,0
淮矿东元府 ,41272.0,89.64915681333592,0,0
万科紫台 ,42871.0,88.63800704438898,0,0
德信浙旅东宸 ,46364.0,109.99913726166854,0,0
保利罗兰香谷 ,27895.0,59.50887255780606,0,0
北城枫景园 ,32460.0,60.99815157116451,0,0
红街公寓 ,42886.0,138.73991512381664,0,0
万象城悦府 ,76515.0,235.24799059008038,0,0
沁园雅舍 ,19933.0,50.16806301108714,0,0
景芳三区 ,46638.0,46.09974698743514,0,0
东港嘉苑二区 ,39194.0,53.57962953513293,0,0
思安坊 ,51805.0,57.909468198050384,0,0
三里亭苑四区 ,45893.0,35.29950101322642,0,0
景芳三区 ,44435.0,46.80994711376167,0,0
百大绿城西子国际 ,45917.0,64.89971034693033,0,0
红街天城公寓 ,23056.0,47.70992366412214,0,0
夕照新村 ,60774.0,36.19969065718893,0,0
采荷绿萍 ,46144.0,30.339805825242717,0,0
景芳三区 ,48455.0,33.639459292126716,0,0
闸弄口东村 ,46684.0,31.059892040099392,0,0
保利罗兰香谷 ,26866.0,133.99836224223927,0,0
机神公寓 ,33629.0,193.28555710844807,0,0
汇鑫枫景苑 ,50812.0,153.5070455797843,0,0
万家花园万和苑 ,44102.0,126.97836832796699,0,0
城市之星 ,74822.0,180.4282163000187,0,0
三里新城橘苑 ,38000.0,125.0,0,0
南肖埠御景苑 ,65786.0,159.60842732496275,0,0
中旅城仕公馆 ,36799.0,131.7970597027093,0,0
置鼎明珠1号 ,26667.0,44.99943750703116,0,0
宋都阳光国际 ,34327.0,238.87901651761004,0,0
金秋花园 ,45781.0,80.81955396343461,0,0
雍和府 ,35556.0,123.7484531443357,0,0
远洋心里 ,38765.0,88.99780730039984,0,0
淮矿东元府 ,42945.0,89.64955175224124,0,0
淮矿东元府 ,46766.0,89.80883547876662,0,0
三里亭苑四区 ,36007.0,80.5398950204127,0,0
淮矿东元府 ,43556.0,89.53990265405454,0,0
淮矿东元府 ,45301.0,88.29827156133419,0,0
广宇上东名筑 ,34832.0,88.99862195682131,0,0
昆盛肖邦 ,34091.0,87.9997653339591,0,0
濮家新村 ,42700.0,69.78922716627635,0,0
雍和府 ,43576.0,89.49880668257757,0,0
万科公园大道 ,44718.0,89.44943870477213,0,0
广宇上东领地 ,33077.0,77.99981860507302,0,0
机神公寓 ,40085.0,84.81975801421979,0,0
东亚新干线 ,34197.0,61.408895517150626,0,0
新城红郡 ,29004.0,64.81864570404082,0,0
妇保宿舍 ,42282.0,55.57920628163285,0,0
景芳六区 ,43438.0,63.999263317832316,0,0
新城红郡 ,27978.0,88.99849882050182,0,0
首开武林8栋 ,48137.0,89.32837526227226,0,0
泊林印象 ,44455.0,89.9786300753571,0,0
新城红郡 ,29439.0,88.99758823329597,0,0
闸弄口新村 ,40905.0,62.33956729006234,0,0
南肖埠社区 ,51573.0,77.55996354681713,0,0
闸弄口新村 ,41945.0,52.449636428656575,0,0
天阳尚城国际二期 ,42632.0,116.10996434603115,0,0
世茂天宸 ,56940.0,106.77906568317528,0,0
中海御道 ,65127.0,112.08868825525512,0,0
景芳四区 ,44340.0,80.73973838520523,0,0
景芳四区 ,45415.0,56.36904106572718,0,0
景芳三区 ,48797.0,30.73959464721192,0,0
景芳六区 ,39815.0,138.13889237724476,0,0
罗兰春天 ,38660.0,100.87946197620279,0,0
董家村住宅 ,39108.0,52.41894241587399,0,0
阳光逸城 ,30985.0,61.319993545263834,0,0
淮矿东元府 ,45533.0,87.84837370698175,0,0
阳光城普升 ,38558.0,76.50811764095648,0,0
红街公寓 ,42171.0,61.1794835313367,0,0
东亚新干线 ,37548.0,42.07947160967295,0,0
中旅城仕公馆 ,37832.0,87.2277437090294,0,0
浙江大学华家池校区 ,55371.0,71.87878131151686,0,0
天阳凤起 ,65982.0,133.36970688975782,0,0
红苹果家园 ,35350.0,130.12729844413013,0,0
龙湖名景台一期 ,53192.0,89.29914272822981,0,0
景芳五区 ,44569.0,41.05992954744329,0,0
世茂东壹号 ,46318.0,88.51850252601581,0,0
东亚新干线 ,35495.0,42.25947316523454,0,0
阳光城翡丽湾 ,36159.0,88.49802262230703,0,0
机神新村 ,47946.0,52.559129020147665,0,0
原筑壹号 ,38034.0,110.42751222590314,0,0
康恒悦麒美寓 ,38637.0,87.99855061210756,0,0
景芳三区 ,45392.0,57.27881565033486,0,0
郡枫绿园东区 ,36485.0,63.03960531725367,0,0
红树林花园 ,42002.0,113.08985286414932,0,0
三里亭苑二区 ,41397.0,58.699905790274656,0,0
红街公寓 ,45011.0,121.748017151363,0,0
后珠美都雅苑 ,26626.0,88.25959588372268,0,0
东亚新干线 ,32082.0,42.079670843463624,0,0
万科公园大道 ,48315.0,88.99927558729173,0,0
景芳二区 ,40340.0,48.339117501239464,0,0
濮家新村 ,41351.0,58.039708834127346,0,0
景芳六区 ,44257.0,48.579885667803964,0,0
华家池 ,47811.0,37.22992616761833,0,0
中企艮山府 ,45351.0,78.27831800842318,0,0
紫晶商务城 ,27971.0,51.839405098137355,0,0
克拉公馆 ,22384.0,35.7398141529664,0,0
杰立公馆 ,30287.0,35.65886353881203,0,0
同方国际 ,22319.0,43.90877727496752,0,0
联合麦田 ,19797.0,39.3999090771329,0,0
省水利厅宿舍 ,44881.0,71.29965909850493,0,0
锦江半岛 ,30194.0,185.46731138636815,0,0
罗兰春天 ,34884.0,85.99931200550395,0,0
景芳水湘苑 ,47879.0,82.7084943294555,0,0
凯旋新村 ,51365.0,62.29923099386742,0,0
观音塘小区 ,45880.0,57.759372275501306,0,0
景芳三区 ,43953.0,58.699064910245035,0,0
双菱新村 ,53375.0,55.269320843091336,0,0
新城时代广场 ,31467.0,47.66898655734579,0,0
东都公寓 ,38966.0,61.078889288097315,0,0
采荷绿萍 ,51823.0,29.90949964301565,0,0
红街天城公寓 ,19657.0,64.09930304726052,0,0
保利罗兰香谷 ,24465.0,134.886572654813,0,0
德信金泊林公寓 ,36876.0,119.31879813428789,0,0
龙湖名景台一期 ,34832.0,88.99862195682131,0,0
采荷绿萍 ,42750.0,58.47953216374269,0,0
机神公寓 ,33633.0,222.995272500223,0,0
双菱新村 ,52366.0,75.04869571859604,0,0
凯旋新村 ,53673.0,53.09932368229836,0,0
郡原相江公寓 ,39189.0,255.17364566587563,0,0
万家花园欣和苑 ,40912.0,136.8791552600704,0,0
东方御府 ,62147.0,88.49984713662768,0,0
东方御府 ,61958.0,88.76981180799896,0,0
机神公寓 ,34992.0,221.47919524462733,0,0
宋都阳光国际 ,43956.0,272.54527254527255,0,0
丽江公寓 ,44962.0,193.49673057248344,0,0
青春都市公寓 ,59689.0,134.02804536849337,0,0
保利罗兰香谷 ,29198.0,136.99568463593397,0,0
首开武林8栋 ,34742.0,87.78999481895113,0,0
久睦苑 ,31931.0,61.069180420281235,0,0
久睦苑 ,31429.0,62.99914092080562,0,0
德信东望 ,46250.0,88.64864864864865,0,0
保利罗兰香谷 ,26866.0,133.99836224223927,0,0
南肖埠北景西苑 ,50005.0,123.38766123387661,0,0
万科草庄 ,53822.0,204.37739214447623,0,0
东方润园 ,72000.0,250.0,0,0
景芳三区 ,47170.0,42.3998304006784,0,0
德信浙旅东宸 ,49993.0,125.81761446602525,0,0
向江来时代中心 ,37276.0,38.89902350037558,0,0
红街天城公寓 ,28580.0,34.98950314905528,0,0
同方国际 ,25780.0,38.78975950349108,0,0
红街天城公寓 ,21824.0,105.38856304985337,0,0
昆仑天籁 ,31584.0,117.14792299898683,0,0
远洋万和四季 ,53869.0,133.65757671387996,0,0
玺之湾 ,27485.0,89.1395306530835,0,0
浙江大学华家池校区 ,48000.0,75.0,0,0
城发云锦城 ,24026.0,153.9998335136935,0,0
丁桥兰苑 ,29084.0,103.14949800577637,0,0
淮矿东元府 ,44097.0,116.78799011270608,0,0
宋都凯旋苑 ,76022.0,157.84904369787694,0,0
景芳新五区 ,41264.0,39.2594028693292,0,0
同方国际 ,22319.0,43.90877727496752,0,0
新城时代广场 ,28690.0,46.00906239107703,0,0
白云大厦 ,19640.0,49.89816700610998,0,0
居安坊 ,50732.0,68.98998659623118,0,0
景芳新五区 ,40764.0,57.648905897360414,0,0
景苑公寓 ,46150.0,73.2394366197183,0,0
红街天城公寓 ,21921.0,57.479129601751744,0,0
南肖埠北景东苑 ,42647.0,82.06907871597065,0,0
景芳五区 ,53192.0,34.779666115205295,0,0
同方国际 ,23791.0,49.59858770123156,0,0
濮家新村 ,44603.0,42.14963119072708,0,0
采荷小区玉荷邨 ,61947.0,39.54993785009766,0,0
濮家新村 ,44933.0,60.08946653906928,0,0
建电新村 ,52758.0,41.699836991546306,0,0
置鼎明珠1号 ,28484.0,42.12891447830361,0,0
置鼎明珠1号 ,24889.0,44.999799108039696,0,0
东方君悦 ,39286.0,101.81744132769944,0,0
长睦邻里人家东苑 ,33648.0,89.1583452211127,0,0
宋都阳光国际 ,36732.0,86.02853098116084,0,0
雍和府 ,38074.0,128.69674843725377,0,0
保利罗兰香谷 ,24720.0,88.9967637540453,0,0
中旅城仕公馆 ,32030.0,88.97908211052139,0,0
保利罗兰香谷 ,28866.0,88.33922261484099,0,0
中企艮山府 ,47192.0,88.99813527716562,0,0
雍和府 ,43678.0,89.28980264664133,0,0
中企艮山府 ,47033.0,89.29900282780176,0,0
中海御道 ,62229.0,106.05987562069132,0,0
采荷街道青荷苑 ,49395.0,80.97985626075514,0,0
广宇东承府 ,30515.0,68.81861379649352,0,0
滨江凯旋门 ,82254.0,88.74948330780266,0,0
万科草庄 ,34491.0,89.87851903395088,0,0
淮矿东元府 ,47501.0,88.41919117492263,0,0
红苹果家园 ,33339.0,128.97807372746632,0,0
丁桥兰苑 ,26774.0,89.63920221110033,0,0
保利梧桐语 ,39448.0,126.74913810586088,0,0
东亚新干线 ,33257.0,43.59984364194004,0,0
城发云锦城 ,25889.0,131.3299084553285,0,0
淮矿东元府 ,45714.0,89.68806055037844,0,0
红街公寓 ,44394.0,121.18754786682885,0,0
保利罗兰香谷 ,29238.0,117.9971270264724,0,0
红街公寓 ,43518.0,88.46913920676502,0,0
景芳三区 ,46063.0,33.649566897509935,0,0
北城枫景园 ,30299.0,62.70834020924783,0,0
百大绿城西子国际 ,38271.0,48.339473752972225,0,0
金秋花园 ,45311.0,69.5195427158968,0,0
南肖埠景和苑 ,52519.0,93.29956777547173,0,0
杰立公馆 ,26403.0,45.44938075218725,0,0
同方国际 ,23913.0,43.90917074394681,0,0
同方国际 ,25166.0,37.74934435349281,0,0
百大绿城西子国际 ,43056.0,48.309178743961354,0,0
同方国际 ,22774.0,43.909721612364976,0,0
钱江国际时代广场 ,30319.0,59.368712688413204,0,0
沁园雅舍 ,24138.0,43.499875714640815,0,0
紫晶商务城 ,26063.0,38.368568468710436,0,0
东方君悦 ,40456.0,62.28989519477951,0,0
钱塘航空大厦 ,27004.0,139.97926233150645,0,0
钱塘航空大厦 ,26504.0,139.97887111379416,0,0
大世界五金城 ,13783.0,159.6169193934557,0,0
红街天城公寓 ,22223.0,35.998740044098454,0,0
世茂东壹号 ,42503.0,88.22906618356352,0,0
华家池 ,42407.0,63.668733935435185,0,0
大家多立方 ,38740.0,88.53897780072276,0,0
首开武林8栋 ,38062.0,89.32793862645158,0,0
闸弄口东村 ,39075.0,67.81829814459373,0,0
金地格林格林 ,32040.0,84.26966292134831,0,0
景芳水湘苑 ,43868.0,117.16969089085438,0,0
中海御道 ,54110.0,145.99889114766216,0,0
北城枫景园 ,31584.0,62.68996960486322,0,0
天运花园 ,44175.0,84.88964346349745,0,0
阳光城普升 ,41984.0,76.21951219512195,0,0
京惠花园 ,37051.0,80.96947450811044,0,0
宋都阳光国际 ,35956.0,88.99766381132495,0,0
首开武林8栋 ,42147.0,87.78798016466178,0,0
广宇上东领地 ,34258.0,65.67808978924631,0,0
景芳新五区 ,42133.0,65.26950371442813,0,0
置鼎明珠1号 ,32044.0,42.12957183872176,0,0
金地格林格林 ,28453.0,65.01950585175553,0,0
水岸帝景 ,74692.0,174.04809082632678,0,0
杭州明石商业大厦 ,28863.0,58.898936354502304,0,0
鑫运时代金座 ,33614.0,53.54911643957875,0,0
大世界五金城 ,13971.0,135.99599169708682,0,0
远洋心里 ,42135.0,88.99964400142399,0,0
广宇东承府 ,34816.0,125.5170036764706,0,0
天阳尚城国际一期 ,43908.0,74.01840211351006,0,0
新中宇维萨 ,45749.0,89.61944523377561,0,0
万科大家钱塘府 ,69873.0,108.76876619008773,0,0
蓝桥名苑 ,29198.0,95.89697924515377,0,0
三里家园三区 ,36886.0,68.58970883261942,0,0
卓越蔚蓝领秀一期 ,32880.0,88.19951338199513,0,0
采荷新村 ,54310.0,56.15908672436016,0,0
金基晓庐 ,65943.0,137.99796794201052,0,0
景芳一区 ,43645.0,46.969870546454345,0,0
广宇上东领地 ,33334.0,89.69820603587928,0,0
濮家东村 ,40351.0,113.99965304453421,0,0
凯旋新村 ,52518.0,55.219162953653985,0,0
天阳尚城国际一期 ,42557.0,74.0183753554057,0,0
世茂天宸 ,59179.0,89.55879619459606,0,0
首开武林8栋 ,38209.0,109.39830929885629,0,0
机场路137号 ,36898.0,66.39926283267386,0,0
首开武林8栋 ,40202.0,89.54778369235362,0,0
天阳九筑 ,46967.0,88.99865863265697,0,0
世茂天宸 ,57504.0,89.55898720089037,0,0
保利罗兰香谷 ,27978.0,88.99849882050182,0,0
景芳一区 ,46499.0,54.409772253166736,0,0
新城红郡 ,28922.0,114.0999930848489,0,0
静怡花苑 ,40074.0,71.11843090282977,0,0
天城府 ,44972.0,138.3082807079961,0,0
紫园 ,55001.0,203.26903147215506,0,0
宋都时间国际 ,22847.0,38.07939773274391,0,0
中兴九洲芳园 ,36000.0,137.5,0,0
景芳二区 ,47080.0,33.55989804587936,0,0
闸弄口东村 ,43005.0,34.87966515521451,0,0
新城时代广场 ,31467.0,47.66898655734579,0,0
三里亭苑四区 ,42504.0,38.3493318275927,0,0
夕照新村 ,58919.0,37.339398156791525,0,0
三里亭苑三区 ,42905.0,45.44924833935439,0,0
采荷街道商教苑社区 ,64277.0,29.559562518474728,0,0
景芳五区 ,46284.0,35.64946849883329,0,0
三里亭苑四区 ,41011.0,45.10984857721099,0,0
宋都阳光国际 ,38524.0,86.95877894299657,0,0
新江花园 ,32534.0,73.76898014384952,0,0
东方君悦 ,44430.0,92.27999099707405,0,0
万科紫台 ,50562.0,88.99964400142399,0,0
宋都阳光国际 ,40150.0,88.4184308841843,0,0
采荷小区红菱邨 ,61993.0,67.7495846305228,0,0
海棠公寓 ,36243.0,87.1892503379963,0,0
卓越蔚蓝领秀一期 ,30107.0,89.34799216129139,0,0
采荷路35号 ,53988.0,64.82922130843892,0,0
龙湖名景台一期 ,34559.0,135.9993055354611,0,0
广宇上东臻品 ,34706.0,83.55903878291937,0,0
金色黎明三期 ,47866.0,88.99845401746542,0,0
景芳新五区 ,41238.0,48.49895727241864,0,0
东城印象公寓 ,59732.0,88.72965914417732,0,0
雍和府 ,37038.0,107.9971920730061,0,0
天运花园 ,45426.0,154.09677277330164,0,0
万科公园大道 ,37573.0,102.99949431772815,0,0
广宇东承府 ,35840.0,125.55803571428571,0,0
新城时代广场 ,29612.0,81.0482236930974,0,0
龙湖名景台一期 ,35394.0,88.99813527716562,0,0
笕桥花苑 ,29875.0,100.418410041841,0,0
清泰小区 ,49089.0,85.55888284544399,0,0
蓝桥名苑 ,28992.0,89.67991169977925,0,0
金地格林格林 ,27340.0,65.83760058522311,0,0
宋都阳光国际 ,39400.0,119.28934010152284,0,0
景芳新五区 ,40323.0,49.59948416536468,0,0
保利罗兰香谷 ,21889.0,113.29891726437937,0,0
新城红郡 ,27654.0,112.09951544080423,0,0
南肖埠御景苑 ,59978.0,114.70872653306212,0,0
闸弄口铁路宿舍 ,43231.0,47.41967569568134,0,0
三里亭一区 ,40295.0,62.53877652314183,0,0
德信东望 ,53685.0,74.50870820527149,0,0
金雅苑社区 ,34271.0,87.53756820635523,0,0
左邻右舍 ,36255.0,78.60984691766653,0,0
采荷新村 ,53386.0,67.0587794552879,0,0
远洋心里 ,43190.0,120.39824033341051,0,0
长睦锦苑 ,30006.0,72.31886955942144,0,0
中企艮山府 ,47529.0,89.41909150203034,0,0
罗兰春天 ,38373.0,85.99796732077242,0,0
三里家园三区 ,41141.0,54.68996864441798,0,0
左邻右舍 ,31411.0,159.17990512877654,0,0
景芳水湘苑 ,48268.0,110.8394795723875,0,0
龙湖武林九里 ,32851.0,88.27737359593316,0,0
三里亭苑二区 ,36833.0,76.01878750033937,0,0
罗兰春天 ,31461.0,88.99907822383268,0,0
地铁绿城杨柳郡 ,48544.0,102.99934080421885,0,0
天阳凤起 ,62936.0,133.46892080844032,0,0
中旅城仕公馆 ,33858.0,87.12859590052572,0,0
金地格林格林 ,29652.0,85.99757183326588,0,0
金秋花园 ,40787.0,62.51992056292446,0,0
龙湖武林九里 ,34537.0,89.75880939282509,0,0
滨江曙光之城 ,49439.0,88.99856388681,0,0
新江花园 ,34426.0,78.42909428920002,0,0
置鼎明珠1号 ,28750.0,40.0,0,0
蓝桥景苑 ,32133.0,89.62748576230044,0,0
机神新村 ,46498.0,48.389178029162544,0,0
闸弄口新苑 ,42127.0,68.83946162793458,0,0
凯旋路188号 ,42905.0,53.83987880200443,0,0
双菱新村 ,58709.0,45.989541637568344,0,0
景芳六区 ,48161.0,86.99985465418077,0,0
机神新村 ,41529.0,54.17900744058369,0,0
雍和府 ,36342.0,108.68967035386055,0,0
运新花苑二区 ,55597.0,136.6980232746371,0,0
采荷小区芙蓉邨 ,60631.0,49.479639128498626,0,0
景芳新五区 ,43015.0,64.62861792398,0,0
德信东望 ,52213.0,72.77880987493536,0,0
中旅城仕公馆 ,35025.0,88.50820842255531,0,0
圣奥领寓 ,36568.0,87.50820389411507,0,0
阳光逸城 ,28993.0,61.73904045804159,0,0
雍和府 ,40947.0,89.13961950814468,0,0
冠宇隽园 ,32925.0,89.59757023538344,0,0
蓝桥名苑 ,29375.0,95.31914893617021,0,0
建电新村 ,48752.0,42.04955694125369,0,0
三里亭苑三区 ,41442.0,55.49925196660393,0,0
金色黎明二期 ,46763.0,138.998781087612,0,0
天阳九筑 ,36861.0,92.23840915873146,0,0
北城枫景园 ,26204.0,82.04854220729659,0,0
采荷小区玉荷邨 ,53448.0,85.12947163598264,0,0
三里亭苑三区 ,40032.0,76.18904876099121,0,0
交通晓时代 ,40000.0,115.0,0,0
三里亭苑三区 ,42106.0,75.9986700232746,0,0
地铁绿城杨柳郡 ,54763.0,102.25882438872962,0,0
采荷街道商教苑社区 ,54206.0,53.49961258901229,0,0
濮家东村 ,41770.0,80.91932008618626,0,0
盛世钱塘 ,60007.0,146.64955755161898,0,0
景芳六区 ,49007.0,36.729446813720486,0,0
百大绿城西子国际 ,39281.0,48.369440696519945,0,0
白云大厦 ,19781.0,45.498205348566806,0,0
红街天城公寓 ,19966.0,52.58940198337173,0,0
东方君悦 ,41305.0,91.99854739135698,0,0
新城市广场 ,23792.0,53.79959650302623,0,0
克拉公馆 ,23914.0,45.998160073597056,0,0
克拉公馆 ,21620.0,41.628122109158184,0,0
置鼎明珠1号 ,24407.0,45.069037571188595,0,0
阳光城翡丽湾 ,36489.0,90.43821425635123,0,0
万科紫台 ,44944.0,88.99964400142399,0,0
城发云锦城 ,30586.0,130.7787876806382,0,0
后珠辰秀嘉园 ,26862.0,91.20690938872757,0,0
濮家新村 ,43002.0,59.29956746197851,0,0
采荷街道商教苑社区 ,55062.0,51.75983436853002,0,0
滨江曙光之城 ,44818.0,138.3372752019278,0,0
罗兰春天 ,34560.0,89.69907407407408,0,0
中国铁建国际花园 ,39496.0,88.86975896293295,0,0
郡原九润公寓 ,39611.0,88.35929413546742,0,0
丁桥大唐苑 ,31404.0,101.8978474079735,0,0
京惠花园 ,39613.0,68.1594426072249,0,0
阳光城翡丽湾 ,34003.0,123.51851307237597,0,0
万科大家钱塘府 ,67920.0,88.33922261484099,0,0
丽江公寓 ,39137.0,89.42944017170453,0,0
世茂天宸 ,63953.0,187.63779650680968,0,0
世茂天宸 ,60295.0,89.55966498051248,0,0
华鸿汇盛德堡 ,32574.0,73.67839381101491,0,0
三里亭一区 ,37499.0,70.6685511613643,0,0
龙湖名景台二期 ,36207.0,87.82832049051288,0,0
龙湖名景台一期 ,32531.0,82.9977559865974,0,0
广大融城印象 ,33735.0,82.99985178597895,0,0
紫玉福邸 ,50339.0,138.65988597310238,0,0
金色黎明三期 ,48315.0,88.99927558729173,0,0
保利罗兰香谷 ,25735.0,85.48669127647173,0,0
丁桥兰苑 ,28966.0,100.11737899606435,0,0
玺之湾 ,31785.0,127.41859367626239,0,0
建电新村 ,50529.0,42.54982287399315,0,0
采荷绿萍 ,46395.0,67.24862592951827,0,0
首开武林8栋 ,44944.0,88.99964400142399,0,0
闸弄口新村 ,41632.0,48.039969254419674,0,0
宋都阳光国际 ,39124.0,127.79879357938862,0,0
三里亭苑二区 ,34106.0,70.36885005570868,0,0
三里亭苑四区 ,39782.0,64.09934141068825,0,0
金地格林格林 ,35417.0,71.99932235931897,0,0
天阳明朗 ,35094.0,89.75893315096597,0,0
三里亭一区 ,37187.0,76.63968591174336,0,0
新城红郡 ,31447.0,89.03870003497948,0,0
雍和府 ,42474.0,109.47873993501906,0,0
长睦锦苑 ,24876.0,140.69786139250684,0,0
蓝天城市花园 ,49656.0,114.78975350410826,0,0
思安坊 ,49563.0,77.67891370578859,0,0
天成嘉苑 ,42919.0,130.47834292504484,0,0
首开武林8栋 ,44944.0,88.99964400142399,0,0
万科魅力之城 ,40092.0,87.29921181283049,0,0
长睦邻里人家东苑 ,29749.0,89.07862449157955,0,0
圆梦园 ,39145.0,57.47860518584749,0,0
广宇上东领地 ,33665.0,130.6995395811674,0,0
金色黎明二期 ,46657.0,89.58998649720299,0,0
红街公寓 ,42144.0,125.75930144267274,0,0
天阳晴朗 ,34832.0,88.99862195682131,0,0
华家池 ,44493.0,55.73910502775718,0,0
向江来时代中心 ,43112.0,51.02987567266654,0,0
阳光城翡丽湾 ,37289.0,88.49794845664941,0,0
濮家东村 ,44877.0,53.47951066247744,0,0
运河天城国际 ,48679.0,86.27950450913124,0,0
采荷小区芙蓉邨 ,60976.0,40.99973760167935,0,0
金色黎明一期 ,45201.0,89.59978761531825,0,0
宋都阳光国际 ,36333.0,86.69804310131286,0,0
丽江公寓 ,38935.0,87.8387055348658,0,0
万科魅力之城 ,37989.0,110.5583195135434,0,0
大家多立方 ,35299.0,89.23765545766169,0,0
景芳四区 ,44594.0,56.50984437368256,0,0
万家花园家和苑 ,43603.0,119.25784923055753,0,0
宋都时间国际 ,24525.0,48.92966360856269,0,0
东方君悦 ,45879.0,63.20974737897513,0,0
东方君悦 ,39821.0,80.35960925140002,0,0
晨光绿苑北苑 ,35000.0,122.0,0,0
康恒悦麒美寓 ,39326.0,88.99964400142399,0,0
濮家新村 ,38835.0,54.589931762585294,0,0
天阳明朗 ,37079.0,88.99916394724777,0,0
阳光城翡丽湾 ,36905.0,89.41877794336811,0,0
东方御府 ,66090.0,87.75911635648359,0,0
德信金泊林公寓 ,37800.0,119.04761904761905,0,0
东方御府 ,66090.0,87.75911635648359,0,0
景芳新五区 ,44978.0,73.36920272133042,0,0
城发云锦城 ,32129.0,124.49811696598088,0,0
丁桥景园南苑 ,27639.0,95.87901154166214,0,0
原筑壹号 ,40278.0,71.99960276081235,0,0
大家多立方 ,38015.0,89.43837958700513,0,0
宋都阳光国际 ,40244.0,86.96948613457907,0,0
罗兰春天 ,36161.0,82.40922540858936,0,0
龙湖名景台一期 ,33607.0,60.999196595947275,0,0
郡原相江公寓 ,40633.0,88.59793763689612,0,0
后珠辰秀嘉园 ,29458.0,90.97698418086767,0,0
丁桥景园南苑 ,27297.0,95.24856211305271,0,0
中旅城仕公馆 ,53473.0,136.51749481046508,0,0
雍和府 ,36076.0,127.50859297039582,0,0
闸弄口新村 ,44558.0,47.129583913102024,0,0
泊林印象 ,39648.0,126.10976594027441,0,0
金秋花园 ,44177.0,69.71953731579781,0,0
华家池 ,46334.0,59.99913670306902,0,0
南肖埠社区 ,46251.0,42.80988519167153,0,0
滨江曙光之城 ,56180.0,88.99964400142399,0,0
丁桥景园北苑 ,25826.0,83.24943855029815,0,0
玺之湾 ,33678.0,89.07892392659896,0,0
万科魅力之城 ,37905.0,88.37884184144572,0,0
机神公寓 ,42986.0,134.2297492206765,0,0
丽江公寓 ,44890.0,86.87903764758298,0,0
蓝桥名苑 ,32115.0,89.67772069126576,0,0
万科魅力之城 ,35306.0,86.38758284710813,0,0
丁桥家苑 ,28652.0,82.0187072455675,0,0
丁桥家苑 ,21652.0,143.173840753741,0,0
后珠美都雅苑 ,25310.0,88.89766890557092,0,0
郡原九润公寓 ,41478.0,87.99845701335647,0,0
采荷小区紫藕邨 ,58451.0,48.92987288498058,0,0
美达浅草名苑 ,31255.0,127.9795232762758,0,0
保利梧桐语 ,36287.0,133.65668145616888,0,0
丽江公寓 ,44396.0,162.17677268222363,0,0
锦江半岛 ,35454.0,90.25779883793084,0,0
置鼎明珠1号 ,30626.0,38.52935414353817,0,0
阳光城翡丽湾 ,39142.0,89.41801645291503,0,0
海棠公寓 ,31991.0,153.16807852208433,0,0
香滨湾花园 ,37641.0,88.99869822799607,0,0
保利罗兰香谷 ,28090.0,88.99964400142399,0,0
采荷小区红菱邨 ,56782.0,61.639251875594375,0,0
宋都阳光国际 ,38063.0,86.69836849433834,0,0
远洋心里 ,41574.0,88.99793139943233,0,0
宋都阳光国际 ,40230.0,86.99975142928163,0,0
景芳五区 ,44360.0,67.62849413886384,0,0
万科紫台 ,42392.0,89.63955463294961,0,0
万科草庄 ,35604.0,89.87754184923043,0,0
久睦苑 ,31615.0,62.62849913015973,0,0
闸弄口新村 ,38935.0,73.19892127905483,0,0
景芳水湘苑 ,44094.0,54.429174037283985,0,0
金雅苑社区 ,36406.0,87.89759929681921,0,0
金地格林格林 ,34858.0,71.71954787997016,0,0
京惠花园 ,34647.0,132.76762778884174,0,0
三里新城荷苑 ,46960.0,85.17887563884156,0,0
新城红郡 ,29342.0,92.01826733010701,0,0
保利罗兰香谷 ,26252.0,89.51698918177662,0,0
锦润公寓 ,41891.0,89.51803490009787,0,0
德信东望 ,47369.0,75.99907112246406,0,0
阳光城翡丽湾 ,36930.0,89.35824532900081,0,0
郡原相江公寓 ,37926.0,88.32990560565311,0,0
玺之湾 ,34378.0,138.16975973005992,0,0
夕照新村 ,58188.0,60.14985907747302,0,0
香滨湾花园 ,34956.0,112.9991989930198,0,0
金色黎明三期 ,52202.0,88.11922914830849,0,0
保利罗兰香谷 ,36004.0,88.87901344295078,0,0
笕桥花苑 ,29342.0,126.0991070819985,0,0
郡原相江公寓 ,42697.0,88.99922711197507,0,0
景苑公寓 ,40958.0,93.99873040675814,0,0
丁桥颐景园 ,31630.0,116.97755295605438,0,0
三里亭苑四区 ,40252.0,54.158799562754645,0,0
首开武林8栋 ,45780.0,89.55875928352992,0,0
静怡花苑 ,44968.0,130.53727094822986,0,0
采荷街道青荷苑 ,60732.0,62.56997958242771,0,0
金色黎明三期 ,58962.0,132.2885926528951,0,0
闸弄口新村 ,42876.0,71.36859781696053,0,0
红街公寓 ,43694.0,127.01972810912254,0,0
泊林印象 ,48000.0,87.5,0,0
景芳五区 ,46618.0,54.69990132566819,0,0
三里新城桂苑 ,41486.0,101.23897218338716,0,0
景芳三区 ,41096.0,57.66984621374343,0,0
濮家新村 ,41730.0,59.90893841361131,0,0
泊林印象 ,42060.0,89.1583452211127,0,0
万科公园大道 ,49310.0,131.81910363009533,0,0
华家池 ,44777.0,60.29881412332224,0,0
天城府 ,45071.0,88.74886290519403,0,0
阳光城翡丽湾 ,33409.0,89.19752162590919,0,0
夕照新村 ,56369.0,65.63891500647519,0,0
金地格林格林 ,32070.0,71.71811661989398,0,0
红街公寓 ,44518.0,134.32768767689473,0,0
卓越蔚蓝领秀一期 ,30899.0,88.99964400142399,0,0
中旅城仕公馆 ,32710.0,87.1293182512993,0,0
蓝桥景苑 ,33949.0,88.36784588647677,0,0
红街公寓 ,44889.0,89.10869032502394,0,0
新城红郡 ,36983.0,81.11835167509396,0,0
郡原九润公寓 ,33577.0,135.50942609524378,0,0
红街公寓 ,43680.0,80.12820512820512,0,0
新城红郡 ,26876.0,89.29900282780176,0,0
景芳水湘苑 ,45206.0,137.14993584922357,0,0
新城红郡 ,30209.0,89.3773378794399,0,0
克拉公馆 ,40998.0,114.63973852383043,0,0
采荷绿萍 ,49952.0,31.22998078155029,0,0
中海御道 ,57974.0,241.48756339048538,0,0
康恒悦麒美寓 ,35987.0,305.6659349209437,0,0
景芳四区 ,49816.0,46.16990525132488,0,0
景芳六区 ,43384.0,129.07984510418586,0,0
康恒悦麒美寓 ,37217.0,88.66915656823495,0,0
东方御府 ,67920.0,88.33922261484099,0,0
天庐苑 ,30284.0,151.89539030511162,0,0
宋都阳光国际 ,39003.0,272.54313770735587,0,0
红街公寓 ,39512.0,113.88945130593237,0,0
东方君悦 ,42401.0,91.97896276031226,0,0
浙商国际中心 ,29620.0,53.679945982444295,0,0
克拉公馆 ,22983.0,60.47948483661837,0,0
新城市广场 ,20423.0,57.77799539734613,0,0
沁园雅舍 ,22324.0,43.898942841784624,0,0
置鼎明珠1号 ,25636.0,46.809174598221254,0,0
百大绿城西子国际 ,45455.0,48.39951600483995,0,0
浙商国际中心 ,25150.0,53.6779324055666,0,0
浙商国际中心 ,27944.0,53.678786143716,0,0
恒祺克拉天玺 ,32540.0,34.41917639827904,0,0
采荷绿萍 ,42405.0,40.08961207404787,0,0
东方君悦 ,39683.0,91.97893304437669,0,0
丁桥颐景园 ,33028.0,54.4992127891486,0,0
景芳三区 ,44968.0,46.699875466998755,0,0
濮家新村 ,45570.0,51.56901470265525,0,0
三里亭苑三区 ,36659.0,46.91890122480155,0,0
中企艮山府 ,46473.0,89.29916295483399,0,0
德信东望 ,46890.0,75.70910641927917,0,0
汇隆风林公寓 ,33107.0,114.77935179871326,0,0
丁桥大唐苑 ,28370.0,128.65703207613677,0,0
双菱新村 ,49696.0,75.45878943979395,0,0
广利佳苑 ,42373.0,117.99966960092512,0,0
城市之星 ,65069.0,276.62942414974873,0,0
采荷大厦 ,22438.0,122.55994295391746,0,0
采荷大厦 ,21637.0,127.09710218607016,0,0
郡原九润公寓 ,33334.0,167.99664006719865,0,0
紫晶商务城 ,32139.0,29.5591026478733,0,0
沁园雅舍 ,22325.0,50.16797312430011,0,0
景芳二区 ,44984.0,51.12929041436956,0,0
金牛坊 ,48528.0,59.759314210352784,0,0
万科草庄 ,38868.0,82.32993722342287,0,0
德信东望 ,48946.0,85.80885057001593,0,0
凯旋路36号 ,52751.0,53.07956247274933,0,0
百大绿城西子国际 ,43332.0,41.53973968429798,0,0
置鼎明珠1号 ,25141.0,40.96893520544131,0,0
三里新城桂苑 ,46068.0,88.99887123382825,0,0
淮矿东元府 ,43256.0,87.84908452006658,0,0
广宇上东名筑 ,30924.0,93.7782951752684,0,0
红街天城公寓 ,19355.0,77.49935417204857,0,0
盛世钱塘 ,64953.0,184.74897233384138,0,0
中兴九洲芳园 ,37600.0,127.65957446808511,0,0
景芳五区 ,41196.0,71.60889406738518,0,0
郡原相江公寓 ,39592.0,65.66983228935139,0,0
郡原相江公寓 ,39014.0,87.14820320910442,0,0
东方润园 ,69997.0,409.58898238495937,0,0
万象城悦玺 ,46894.0,51.179255341834775,0,0
紫晶商务城 ,25078.0,51.838264614403066,0,0
丁桥兰苑 ,26694.0,106.01633325841013,0,0
景芳五区 ,50391.0,39.68962711595324,0,0
观音塘小区 ,51661.0,54.19949284760264,0,0
景芳三区 ,45088.0,59.43931866572037,0,0
新城时代广场 ,28048.0,54.54934398174558,0,0
原筑壹号 ,17445.0,77.38607050730869,0,0
三里亭苑四区 ,45096.0,35.47986517651233,0,0
三里新城兰苑 ,40436.0,64.29913938074982,0,0
景芳三区 ,53486.0,35.1493848857645,0,0
中企艮山府 ,39563.0,211.0557844450623,0,0
同方国际 ,23013.0,39.108330074305826,0,0
红街天城公寓 ,24467.0,41.68880532962766,0,0
新城市广场 ,22069.0,57.9999093751416,0,0
郡原相江公寓 ,38493.0,88.32774790221599,0,0
万科草庄 ,42279.0,89.87913621419618,0,0
置鼎明珠1号 ,30336.0,46.80907172995781,0,0
景芳五区 ,50748.0,35.469378103570584,0,0
宋都时间国际 ,33998.0,41.178892876051535,0,0
景芳三区 ,53445.0,33.67948358125175,0,0
花圃铁路新村 ,57869.0,49.24916622025609,0,0
阳光逸城 ,30972.0,60.69998708510913,0,0
景芳六区 ,42988.0,139.1085884432865,0,0
金地格林格林 ,32714.0,116.158219722443,0,0
罗兰春天 ,37080.0,86.29989212513485,0,0
丁桥家苑 ,29976.0,86.06885508406725,0,0
远洋心里 ,42683.0,89.0284188084249,0,0
泊林印象 ,42220.0,121.26954050213169,0,0
金基晓庐 ,60895.0,134.65801789966335,0,0
钱塘航空大厦 ,28005.0,139.97500446348866,0,0
盛世钱塘 ,59000.0,185.98305084745763,0,0
德信东望 ,41535.0,128.80703021548092,0,0
保利罗兰香谷 ,29617.0,87.78741938751392,0,0
锦江半岛 ,33095.0,202.44749962229943,0,0
庆春御府 ,85480.0,350.9592887225082,0,0
广宇东承府 ,56911.0,245.99813744267365,0,0
蓝天城市花园 ,36884.0,225.02982322958465,0,0
钱江国际时代广场 ,52162.0,72.8499674092251,0,0
宋都时间国际 ,32783.0,41.17987981575817,0,0
紫晶商务城 ,24885.0,51.83845690174804,0,0
新中宇维萨 ,47497.0,89.47933553698128,0,0
绿城玉兰公寓 ,51014.0,73.50923275963461,0,0
冠宇隽园 ,33481.0,109.01705444879185,0,0
恒祺克拉天玺 ,32024.0,34.349238071446415,0,0
钱塘航空大厦 ,30001.0,140.69531015632813,0,0
钱塘航空大厦 ,26885.0,140.59884694067324,0,0
闸弄口东村 ,39042.0,56.349572255519696,0,0
保利梧桐语 ,40942.0,87.92926579063065,0,0
万科大都会79号 ,92106.0,151.99878400972793,0,0
京惠花园 ,47603.0,28.35955717076655,0,0
万象城悦玺 ,49912.0,51.08991825613079,0,0
钱江国际时代广场 ,27638.0,65.12772270062956,0,0
宋都阳光国际 ,42418.0,256.49488424725354,0,0
东方君悦 ,36753.0,62.57992544826273,0,0
钱江国际时代广场 ,28902.0,172.9984084146426,0,0
钱江国际时代广场 ,33230.0,48.14926271441468,0,0
东亚新干线 ,34979.0,46.59938820435118,0,0
青春都市公寓 ,55924.0,107.28846291395465,0,0
运新花苑五区 ,62963.0,134.999920588282,0,0
晨光绿苑北苑 ,30413.0,121.6585012987867,0,0
城市之星 ,54225.0,276.62517289073304,0,0
杭州明石商业大厦 ,24692.0,52.64863113559048,0,0
华家池 ,42689.0,55.04931012673054,0,0
南肖埠北景西苑 ,44979.0,182.3072989617377,0,0
中企艮山府 ,43711.0,88.07851570542884,0,0
新城红郡 ,51930.0,192.56691700365877,0,0
钱塘航空大厦 ,25079.0,111.64719486422904,0,0
宋都凯旋苑 ,50090.0,133.75923337991614,0,0
丁桥景园南苑 ,25955.0,130.99595453669812,0,0
南肖埠小区庆春苑 ,54175.0,128.28795569912322,0,0
天运花园 ,47120.0,113.53989813242785,0,0
新江花园 ,35565.0,95.59960635456207,0,0
南肖埠小区庆春苑 ,46184.0,82.2795773428027,0,0
万科魅力之城 ,37940.0,86.97944122298365,0,0
中企艮山府 ,47826.0,87.81834148789362,0,0
滨江凯旋门 ,64874.0,147.2084348120973,0,0
景芳新五区 ,44977.0,92.26938212864353,0,0
南肖埠景和苑 ,45879.0,147.99799472525555,0,0
南肖埠北景西苑 ,44026.0,97.6695588970154,0,0
闸弄口新村 ,43024.0,42.999256229081446,0,0
广茵大厦 ,22596.0,30.97893432465923,0,0
钱塘航空大厦 ,25570.0,111.84982401251466,0,0
新城国际花园和园 ,59692.0,184.27930040876498,0,0
锦江半岛 ,31060.0,186.73535093367676,0,0
采荷小区玉荷邨 ,48761.0,71.77867558089457,0,0
左邻右舍 ,40551.0,85.0780498631353,0,0
万科大家钱塘府 ,63809.0,89.3290915074676,0,0
金色黎明二期 ,47518.0,89.43979123700493,0,0
联合麦田 ,19036.0,39.39903341038033,0,0
龙湖名景台一期 ,38128.0,88.64876206462442,0,0
保利罗兰香谷 ,29741.0,130.4596348475169,0,0
保利罗兰香谷 ,30765.0,89.38729075247846,0,0
德信东望 ,48045.0,73.88906233739203,0,0
郡原相江公寓 ,37038.0,87.74771855931746,0,0
德信大家钱江府 ,47112.0,89.1492613346918,0,0
红街天城公寓 ,27143.0,34.99981579044321,0,0
钱江新城瑞晶国际 ,34647.0,360.7815972522874,0,0
机神公寓 ,39834.0,69.53858512828238,0,0
中企艮山府 ,52381.0,209.99980909108265,0,0
九堡东方公寓 ,21273.0,188.0317773703756,0,0
天运花园 ,45337.0,154.17870613406268,0,0
红街公寓 ,43138.0,89.24845843571792,0,0
景芳六区 ,45584.0,67.12881712881713,0,0
红街天城公寓 ,21053.0,44.64921863867382,0,0
东方君悦 ,40331.0,161.1663484664402,0,0
红街天城公寓 ,14681.0,190.72270281315986,0,0
康恒悦麒美寓 ,67672.0,265.9888875753635,0,0
农港苑 ,29250.0,61.53846153846154,0,0
中企艮山府 ,53680.0,89.41877794336811,0,0
濮家新村 ,42653.0,77.36853210794082,0,0
阳光城翡丽湾 ,35590.0,88.50800786737848,0,0
龙湖武林九里 ,34831.0,89.28827768367259,0,0
钱塘航空大厦 ,30000.0,107.06666666666666,0,0
郡原九润公寓 ,28728.0,174.04622667780563,0,0
丽江公寓 ,39481.0,303.9436691066589,0,0
汇鑫枫景苑 ,66692.0,239.90883464283573,0,0
新城红郡 ,40509.0,197.4869782023748,0,0
万家花园欣和苑 ,53568.0,123.2078853046595,0,0
郡原相江公寓 ,41932.0,255.17504531145664,0,0
景芳水湘苑 ,42019.0,108.99831028820296,0,0
运新花苑二区 ,52659.0,136.7287643137925,0,0
地铁东城广场 ,23219.0,37.03863215470089,0,0
钱塘航空大厦 ,30002.0,154.98966735550962,0,0
罗兰春天 ,35609.0,84.24836417759555,0,0
圣奥领寓 ,34001.0,145.67218611217316,0,0
三里家园三区 ,38457.0,84.50997217671686,0,0
德信金泊林公寓 ,41018.0,84.10941537861427,0,0
同方国际 ,22774.0,43.909721612364976,0,0
钱塘航空大厦 ,29173.0,122.7162101943578,0,0
宋都阳光国际 ,38775.0,87.16956802063186,0,0
广宇上东领地 ,32814.0,80.75821295788383,0,0
邮政公寓 ,58638.0,88.67969576042839,0,0
原筑壹号 ,16030.0,74.85963817841547,0,0
新城时代广场 ,33180.0,49.72875226039783,0,0
钱江国际时代广场 ,34519.0,57.939105999594425,0,0
红苹果家园 ,33053.0,116.47959338032857,0,0
首开武林8栋 ,38049.0,89.35845882940419,0,0
景芳六区 ,40910.0,153.99657785382547,0,0
秋涛北路30号 ,42528.0,82.2987208427389,0,0
蓝桥名苑 ,27645.0,95.85820220654729,0,0
夕照新村 ,58824.0,47.59961920304637,0,0
红街公寓 ,42069.0,85.09829090304024,0,0
九月庭院 ,33308.0,117.08898763059925,0,0
淮矿东元府 ,42945.0,89.64955175224124,0,0
左邻右舍 ,37924.0,134.4794852863622,0,0
中兴九洲芳园 ,33589.0,129.50668373574683,0,0
景芳三区 ,52406.0,37.209479830553754,0,0
联合格里 ,32548.0,86.94850682069558,0,0
万科魅力之城 ,34974.0,128.66700977869274,0,0
原筑壹号 ,33949.0,88.36784588647677,0,0
广宇上东领地 ,36305.0,49.579947665610796,0,0
北城铭苑 ,36066.0,60.999279099428826,0,0
德信金泊林公寓 ,40056.0,86.12941881366088,0,0
克拉公馆 ,19165.0,54.787372815027396,0,0
钱塘航空大厦 ,38769.0,167.6597281333024,0,0
尊宝大厦 ,27701.0,57.759647666149235,0,0
百大绿城西子国际 ,43018.0,115.99795434469291,0,0
阳光城翡丽湾 ,37234.0,88.6286727184831,0,0
采荷街道青荷苑 ,56342.0,72.76986972418445,0,0
新城时代广场 ,30032.0,82.57858284496537,0,0
向江来时代中心 ,38462.0,38.99953200561593,0,0
中企艮山府 ,42703.0,210.75802636817085,0,0
金牛坊 ,53012.0,88.65917150833774,0,0
新中宇维萨 ,49433.0,89.00936621285376,0,0
机神新村 ,47205.0,35.58945027009851,0,0
杭州明石商业大厦 ,22539.0,55.45942588402325,0,0
宋都时间国际 ,30951.0,32.309133792123035,0,0
宋都时间国际 ,30951.0,32.309133792123035,0,0
联合麦田 ,17422.0,74.61829870278957,0,0
红街天城公寓 ,20918.0,66.92800458934889,0,0
招商雍华府 ,41550.0,88.56799037304452,0,0
杭州明石商业大厦 ,28366.0,58.1682295706127,0,0
夕照新村 ,55532.0,46.81985161708565,0,0
钱塘航空大厦 ,44998.0,1396.5065114005067,0,0
鑫运时代金座 ,32674.0,50.498867601150764,0,0
万象城悦府 ,74819.0,89.54944599633782,0,0
广宇东承府 ,34593.0,69.37819790130952,0,0
华家池 ,46494.0,65.16969931604078,0,0
鑫运时代金座 ,20906.0,234.3824739309289,0,0
左邻右舍 ,37362.0,131.1492960762272,0,0
锦江半岛 ,29948.0,193.6690263122746,0,0
罗兰春天 ,33931.0,84.28870354543044,0,0
景芳四区 ,44588.0,80.73921234412846,0,0
华家池 ,46785.0,53.64967404082505,0,0
宋都阳光国际 ,36710.0,87.16970852628711,0,0
景芳水湘苑 ,41229.0,75.1897935918892,0,0
钱江新城瑞晶国际 ,42091.0,353.9949157777197,0,0
红街天城公寓 ,21868.0,52.58825681360893,0,0
红街天城公寓 ,21864.0,53.9699963410172,0,0
锦润公寓 ,39380.0,83.79888268156425,0,0
新城时代广场 ,30242.0,44.63990476820316,0,0
采荷绿萍 ,46379.0,56.0598546756075,0,0
雍和府 ,44944.0,88.99964400142399,0,0
首开武林8栋 ,41980.0,89.32825154835636,0,0
红街天城公寓 ,21648.0,49.889135254988915,0,0
鑫运时代金座 ,21182.0,231.32848645076007,0,0
钱塘航空大厦 ,30001.0,122.42925235825473,0,0
尊宝大厦 ,30000.0,214.0,0,0
钱江国际时代广场 ,29361.0,57.21875957903341,0,0
钱江国际时代广场 ,33631.0,72.84945437245399,0,0
红街天城公寓 ,21749.0,94.25720722791853,0,0
白云大厦 ,21264.0,49.379232505643344,0,0
东方君悦 ,49821.0,64.22994319664399,0,0
新城时代广场 ,29122.0,44.63979122313028,0,0
绿城玉兰公寓 ,49926.0,87.12895084725393,0,0
清泰小区 ,55086.0,83.86885960135062,0,0
德信东望 ,45872.0,87.19916288803627,0,0
景芳新五区 ,40588.0,77.60914556026411,0,0
广宇东承府 ,29062.0,68.81838827334664,0,0
东港嘉苑三区 ,40000.0,48.25,0,0
金基晓庐 ,66751.0,134.82944075744183,0,0
宋都凯旋苑 ,25089.0,19.849336362549323,0,0
原筑壹号 ,17533.0,76.997661552501,0,0
新城国际花园和园 ,64407.0,183.2098995450805,0,0
采荷小区洁莲邨 ,53613.0,56.32962154701285,0,0
克拉公馆 ,20077.0,54.78906211087314,0,0
东方君悦 ,44740.0,64.81895395619132,0,0
同方国际 ,22942.0,39.22936099729753,0,0
金色黎明三期 ,43459.0,87.89893923007892,0,0
夕照新村 ,49393.0,48.589881157249,0,0
景芳三区 ,46326.0,47.48953071709192,0,0
红街公寓 ,40060.0,87.3689465801298,0,0
紫晶商务城 ,26850.0,36.49906890130354,0,0
杭州明石商业大厦 ,28847.0,51.99847471140846,0,0
柏悦公馆 ,23648.0,87.95669824086603,0,0
原筑壹号 ,14805.0,74.29922323539344,0,0
香滨湾花园 ,27439.0,218.6668610372098,0,0
海棠公寓 ,37849.0,87.18856508758488,0,0
夕照新村 ,53009.0,75.45888434039503,0,0
秋涛北路322号 ,40252.0,79.4991553214747,0,0
汇隆风林公寓 ,38030.0,107.80962398106757,0,0
泊林印象 ,36806.0,124.97962288757267,0,0
罗兰春天 ,33014.0,99.95759374810686,0,0
新中宇维萨 ,47771.0,156.99901613949885,0,0
夕照新村 ,54145.0,74.79915042940253,0,0
三里亭苑二区 ,39624.0,60.56935190793458,0,0
华家池 ,45193.0,103.9984068329166,0,0
南肖埠小区庆春苑 ,50000.0,157.0,0,0
三里新城荷苑 ,47625.0,88.18897637795276,0,0
景芳三区 ,47129.0,33.94937299751745,0,0
城市之星 ,75035.0,241.887119344306,0,0
克拉公馆 ,21804.0,40.35956705191708,0,0
红街天城公寓 ,23116.0,49.74909153832843,0,0
双菱新村 ,59796.0,45.989698307579104,0,0
晨光绿苑南苑 ,30697.0,130.3058930840147,0,0
蔚蓝公寓 ,64560.0,89.83890954151177,0,0
万象城悦府 ,81757.0,89.2889905451521,0,0
水岸帝景 ,66863.0,149.55954713369127,0,0
泊林印象 ,40012.0,177.6966909927022,0,0
罗兰春天 ,34480.0,100.05800464037122,0,0
金色黎明二期 ,46788.0,87.62930665982731,0,0
新风丽都南苑 ,43915.0,120.68769213252875,0,0
夕照新村 ,58676.0,47.719680959847295,0,0
康恒悦麒美寓 ,42166.0,87.7484228999668,0,0
钱江七苑 ,61428.0,51.27954678648174,0,0
南肖埠小区庆春苑 ,52494.0,114.29877700308607,0,0
东方御府 ,67828.0,88.45904346287669,0,0
恒祺克拉天玺 ,30001.0,39.39868671044299,0,0
双菱新村 ,60000.0,50.5,0,0
百大绿城西子国际 ,42858.0,48.999020019599605,0,0
金雅苑社区 ,33597.0,136.9169866357115,0,0
金色黎明三期 ,56987.0,87.7393089652026,0,0
闸弄口新村 ,40000.0,60.0,0,0
世茂天宸 ,58989.0,88.99964400142399,0,0
京惠花园 ,42995.0,95.35992557274102,0,0
紫薇公寓 ,49494.0,88.8996646058108,0,0
尊宝大厦 ,30035.0,51.93940402863326,0,0
尊宝大厦 ,30035.0,51.93940402863326,0,0
昆盛肖邦 ,42373.0,33.03990748825903,0,0
置鼎明珠1号 ,24996.0,51.20819331092975,0,0
锦润公寓 ,43615.0,89.41877794336811,0,0
中企艮山府 ,45397.0,78.19899993391634,0,0
首开武林8栋 ,37013.0,89.15786345338124,0,0
首开武林8栋 ,36487.0,73.9989585331762,0,0
机神公寓 ,45509.0,84.81838757168912,0,0
机神新村 ,43337.0,36.91995292706002,0,0
南肖埠文景苑 ,50845.0,137.27996853181236,0,0
机神新村 ,45763.0,58.99962852085746,0,0
东亚新干线 ,32111.0,43.59876677773971,0,0
红街天城公寓 ,26780.0,40.32860343539955,0,0
水岸帝景 ,65825.0,100.5696923661223,0,0
沁园雅舍 ,22350.0,50.5592841163311,0,0
向江来时代中心 ,36250.0,40.0,0,0
北城铭苑 ,30328.0,62.64837773674492,0,0
景芳四区 ,48110.0,58.19995842860112,0,0
采荷东区 ,49817.0,65.23877391251982,0,0
笕桥花苑 ,33140.0,85.9987929993965,0,0
金色黎明三期 ,51085.0,88.08847998433983,0,0
保利罗兰香谷 ,28814.0,117.99819532171861,0,0
宋都时间国际 ,36426.0,41.1793773678142,0,0
天运花园 ,41274.0,109.02747492368077,0,0
万象城悦玺 ,45344.0,69.46894848270995,0,0
德信大家钱江府 ,44894.0,89.09876598209115,0,0
广宇东承府 ,40536.0,49.33885928557332,0,0
尊宝大厦 ,29921.0,57.818923164332745,0,0
尊宝大厦 ,29921.0,57.818923164332745,0,0
克拉公馆 ,49214.0,83.30962734181331,0,0
新中宇维萨 ,60378.0,79.4991553214747,0,0
大世界五金城 ,14689.0,136.15630744094221,0,0
城市之星 ,54152.0,276.99807947998227,0,0
浙商国际中心 ,26079.0,64.41964799263775,0,0
尊宝大厦 ,30035.0,51.93940402863326,0,0
尊宝大厦 ,30035.0,51.93940402863326,0,0
广茵大厦 ,26196.0,30.539013589861046,0,0
浙商国际中心 ,30426.0,32.20929468217972,0,0
万象城悦玺 ,51579.0,81.4284883382772,0,0
杰立公馆 ,33047.0,52.349683783702,0,0
大世界五金城 ,16408.0,164.55387615797173,0,0
东方君悦 ,42061.0,80.35947790114358,0,0
东方君悦 ,43657.0,68.48844400668851,0,0
万象城悦玺 ,58253.0,102.9989871766261,0,0
大世界五金城 ,14705.0,164.56987419245155,0,0
德信大家钱江府 ,51359.0,87.6185283981386,0,0
天运花园 ,42353.0,84.9998819446084,0,0
金地格林格林 ,30338.0,88.99729711912453,0,0
机场路里街 ,37204.0,64.50919255993979,0,0
景芳新五区 ,47884.0,39.679224793250356,0,0
德信东望 ,47144.0,88.02816901408451,0,0
远洋香奈 ,36323.0,88.098450017895,0,0
广宇上东名筑 ,30496.0,83.61752360965373,0,0
东港嘉苑一区 ,39482.0,88.64799148979282,0,0
天阳尚城国际一期 ,42631.0,114.93983251624405,0,0
德信大家钱江府 ,50722.0,88.71889909703876,0,0
红街公寓 ,40872.0,88.07985907222549,0,0
董家村住宅 ,36339.0,57.78915215058202,0,0
招商雍华府 ,40004.0,113.73862613738626,0,0
锦润公寓 ,41767.0,83.79821390092657,0,0
景芳水湘苑 ,40600.0,110.83743842364532,0,0
雍和府 ,39665.0,89.4995588049918,0,0
红街公寓 ,42939.0,125.75979878432194,0,0
首开武林8栋 ,38203.0,88.99824621103055,0,0
首开武林8栋 ,41504.0,84.32922127987663,0,0
德信大家钱江府 ,44440.0,87.75877587758775,0,0
水岸帝景 ,58832.0,149.57846070165897,0,0
圆梦园锦江南苑 ,31933.0,189.45918015845677,0,0
采荷东区 ,46143.0,54.179398825390635,0,0
城市之星 ,79133.0,184.49951347731036,0,0
金兰池公寓 ,40304.0,163.25922985311632,0,0
紫晶商务城 ,22832.0,43.79817799579538,0,0
昆仑天籁 ,34041.0,88.12902088657795,0,0
城市之星 ,73334.0,224.99795456404942,0,0
新城国际花园和园 ,73490.0,183.69846237583346,0,0
美达浅草名苑 ,35237.0,123.44978289865766,0,0
远洋万和四季 ,42646.0,133.6584908314965,0,0
机神新村 ,45743.0,67.76993201145531,0,0
丁桥兰苑 ,27446.0,91.08795452889309,0,0
景芳五区 ,44047.0,55.84943355960679,0,0
丁桥景园南苑 ,25722.0,95.24920301687271,0,0
万科紫台 ,43596.0,88.99899073309479,0,0
德信大家钱江府 ,49031.0,89.73914462278967,0,0
濮家新村 ,40855.0,53.84897809325664,0,0
德信金泊林公寓 ,37111.0,80.8385653849263,0,0
红街天城公寓 ,30091.0,39.879033598085805,0,0
保利梧桐语 ,34396.0,87.21944412140947,0,0
雍和府 ,48315.0,88.99927558729173,0,0
郡原相江公寓 ,38471.0,88.37825894829872,0,0
三里新城荷苑 ,44949.0,88.98974393201183,0,0
康恒悦麒美寓 ,39345.0,304.99428135722457,0,0
康恒悦麒美寓 ,37063.0,87.6885303402315,0,0
红街公寓 ,43259.0,124.36718370743661,0,0
雍和府 ,40450.0,88.99876390605687,0,0
和谐嘉园南苑 ,69877.0,55.23992157648439,0,0
百大绿城西子国际 ,50788.0,116.16917382058755,0,0
新城时代广场 ,34445.0,44.99927420525476,0,0
原筑壹号 ,35820.0,108.87772194304857,0,0
首开武林8栋 ,41662.0,88.80994671403197,0,0
北城枫景园 ,32394.0,61.73982836327715,0,0
晨光绿苑南苑 ,37572.0,103.26839135526455,0,0
德信大家钱江府 ,48998.0,87.7586840279195,0,0
泊林印象 ,47789.0,89.97886542928289,0,0
郡原相江公寓 ,35096.0,88.32915431958058,0,0
采荷人家 ,57541.0,239.8289915017118,0,0
世茂东壹号 ,41740.0,86.24820316243411,0,0
德信大家钱江府 ,50506.0,89.09832495149091,0,0
东亚新干线 ,32912.0,78.99854156538649,0,0
三里亭苑三区 ,40153.0,52.29995268099519,0,0
景芳三区 ,48077.0,46.79992512011981,0,0
景芳五区 ,46977.0,41.50967494731464,0,0
泊林印象 ,40800.0,122.54901960784314,0,0
天城府 ,45071.0,88.74886290519403,0,0
中企艮山府 ,49528.0,282.66838959780324,0,0
锦润公寓 ,44509.0,89.86946460266464,0,0
交通晓时代 ,44292.0,81.2787862367922,0,0
柏悦公馆 ,23231.0,90.3964530153674,0,0
三里亭苑三区 ,42463.0,35.08937192379248,0,0
北城枫景园 ,27211.0,61.73973760611518,0,0
景芳新五区 ,35271.0,113.40761532136882,0,0
卓越蔚蓝领秀一期 ,35148.0,88.19847501991579,0,0
金地格林格林 ,31162.0,85.03947115076055,0,0
广宇上东领地 ,34258.0,65.67808978924631,0,0
水岸帝景 ,77629.0,206.10854191088382,0,0
采荷绿萍 ,47729.0,30.379852919608624,0,0
华家池 ,42915.0,50.099032972154255,0,0
东城印象公寓 ,54546.0,120.99879001209987,0,0
采荷小区玉荷邨 ,61854.0,46.39958612215863,0,0
龙湖武林九里 ,36154.0,129.99944681086464,0,0
金秋花园 ,41514.0,59.738883268295034,0,0
景芳六区 ,47799.0,34.51955061821377,0,0
交通晓时代 ,39940.0,86.37956935403105,0,0
保利梧桐语 ,43850.0,86.65906499429875,0,0
省水利厅宿舍 ,45181.0,82.99949093645559,0,0
新城红郡 ,27747.0,89.3790319674199,0,0
龙湖武林九里 ,37322.0,89.75939124377042,0,0
钱江国际时代广场 ,28634.0,59.36997974435985,0,0
沁园雅舍 ,22892.0,41.49921369910886,0,0
中海御道 ,56962.0,135.17783785681684,0,0
丁桥景园南苑 ,27553.0,88.91953689253438,0,0
后珠美邻嘉苑 ,28027.0,83.84771827166661,0,0
观音塘小区 ,57483.0,52.18934293617243,0,0
阳光城翡丽湾 ,36895.0,88.62989564981704,0,0
凯林巷 ,46852.0,53.359515068727056,0,0
采荷小区翠柳邨 ,62392.0,46.15976407231696,0,0
闸弄口新村 ,47009.0,46.7995490225276,0,0
海景城花园 ,32581.0,95.14747859181732,0,0
采荷小区玉荷邨 ,54862.0,65.61918996755496,0,0
柏悦公馆 ,23557.0,88.29647238612726,0,0
北城枫景园 ,28916.0,82.99903167796376,0,0
龙湖武林九里 ,34607.0,88.99933539457335,0,0
世茂天宸 ,63746.0,87.8486493270166,0,0
水岸帝景 ,70340.0,149.55928348023883,0,0
玺之湾 ,33610.0,89.25914906277893,0,0
华家池 ,45808.0,64.39923157527069,0,0
滨江曙光之城 ,52520.0,89.48971820258949,0,0
康恒悦麒美寓 ,46691.0,85.66961512925403,0,0
柏悦公馆 ,24993.0,96.82711159124555,0,0
长睦邻里人家西苑 ,28084.0,85.45791197835067,0,0
濮家新村 ,43945.0,77.36943907156673,0,0
双菱新村 ,55789.0,73.8496836293893,0,0
紫晶商务城 ,25000.0,42.0,0,0
大家多立方 ,38203.0,88.99824621103055,0,0
长睦邻里人家东苑 ,28071.0,89.05988386591144,0,0
后珠辰秀嘉园南区 ,29677.0,90.97954645011288,0,0
百合公寓 ,35095.0,145.31984613192762,0,0
闸弄口新村 ,43479.0,48.299178913958464,0,0
玺之湾 ,33748.0,137.78594287068864,0,0
景芳新五区 ,47718.0,53.43895385389161,0,0
东方君悦 ,39757.0,183.6154639434565,0,0
地铁绿城杨柳郡 ,49719.0,90.50865866167864,0,0
双菱新村 ,56816.0,48.929878907350044,0,0
采荷人家 ,56997.0,152.63961261119007,0,0
向江来时代中心 ,39047.0,49.93981611903603,0,0
保利罗兰香谷 ,25135.0,89.51661030435648,0,0
红街公寓 ,42616.0,89.16838746010887,0,0
运新花苑一区 ,57143.0,104.99973750065625,0,0
三里新城兰苑 ,45311.0,69.5195427158968,0,0
大世界五金城 ,15235.0,134.55858221201183,0,0
