复兴南苑 ,43542.0,34.21983372376096,0,0
滨江新苑 ,55323.0,59.64969361748278,0,0
凤凰南苑 ,46058.0,81.41908029006905,0,0
小河下小区 ,44614.0,60.51911955888286,0,0
华藏寺巷 ,44954.0,79.85941184321752,0,0
复兴北苑 ,44876.0,47.909795881985914,0,0
翰林花园 ,48914.0,120.61986343378175,0,0
复兴南苑 ,45060.0,64.35863293386596,0,0
美政花苑 ,43304.0,72.04877147607611,0,0
近江家园八园 ,51986.0,69.24941330358173,0,0
复兴北苑 ,50904.0,69.73911676881974,0,0
皮市巷 ,46706.0,31.259367104868755,0,0
大王庙巷小区 ,45497.0,54.50908851133042,0,0
滨江金色家园 ,60989.0,144.28831428618275,0,0
美政花苑 ,43795.0,60.50919054686608,0,0
复兴南苑 ,44956.0,37.369872764480824,0,0
紫花苑 ,44011.0,138.1472813614778,0,0
青年路小区 ,45065.0,55.919227782092534,0,0
美政花苑 ,48544.0,65.91957811470007,0,0
皇城花苑 ,49653.0,97.87928221859707,0,0
钱塘人家 ,57340.0,65.3993721660272,0,0
凤凰南苑 ,49481.0,80.83910996139933,0,0
马市街 ,49700.0,53.31991951710262,0,0
复兴南苑 ,35786.0,170.45772089643995,0,0
近江家园六园 ,44475.0,161.88870151770658,0,0
小河下小区 ,42665.0,47.579983593109105,0,0
后市街 ,47817.0,74.86877052094444,0,0
望江新园一园 ,44938.0,88.7889981752637,0,0
四条巷 ,67289.0,123.34854136634517,0,0
华龙家园 ,54916.0,73.74899847039114,0,0
钱塘雅苑 ,41364.0,181.31708732230925,0,0
六和源 ,39704.0,231.71468869635302,0,0
好望角公寓 ,41189.0,182.08745053290926,0,0
青年路小区 ,44860.0,70.21845742309407,0,0
四牌楼 ,50154.0,61.809626350839416,0,0
望江家园西园 ,49931.0,107.54841681520499,0,0
金都华府 ,49067.0,104.95852609696945,0,0
滨江金色家园 ,68431.0,115.2986219695752,0,0
平安里 ,40118.0,37.38970038386759,0,0
清怡花苑 ,42293.0,184.42768306812002,0,0
望江家园东园 ,53096.0,122.41976796745517,0,0
老浙大直路11-25号 ,35960.0,101.7797552836485,0,0
天福花园 ,45672.0,142.3191452093186,0,0
滨江金色家园 ,59827.0,139.56909087870025,0,0
新工新村 ,48356.0,51.079493754652994,0,0
保安桥河下 ,45559.0,52.67894378717707,0,0
临江风帆公寓 ,57990.0,85.35954474909467,0,0
佑圣观路101号 ,46195.0,95.24840350687303,0,0
复兴南苑 ,48645.0,48.309178743961354,0,0
滨江新苑 ,55433.0,58.6293363159129,0,0
近江家园二园 ,51277.0,95.55941260214131,0,0
后市街 ,53370.0,131.15982761851228,0,0
叶家弄 ,41961.0,52.42963704392174,0,0
钱塘人家 ,44872.0,155.99928686040292,0,0
横河新村 ,52320.0,50.649847094801224,0,0
复兴南苑 ,45238.0,31.389539767452142,0,0
滨江新苑 ,50860.0,72.74872198191113,0,0
复兴北苑 ,48673.0,33.89969798450886,0,0
耀江广厦 ,79980.0,159.7899474868717,0,0
马市街 ,45046.0,48.83896461395018,0,0
金狮苑 ,52879.0,68.0799561262505,0,0
世纪坊 ,55035.0,91.75978922503862,0,0
建国南苑 ,46160.0,51.559792027729635,0,0
金衙庄公寓 ,48662.0,135.62944391927994,0,0
乌龙巷1-8号 ,45344.0,65.71983062808751,0,0
大王庙巷小区 ,46703.0,52.45915679934908,0,0
近江家园五园 ,53820.0,76.17985878855444,0,0
梅花三胜公寓 ,50788.0,135.85886429865323,0,0
清吟街89-119号 ,47950.0,49.00938477580814,0,0
柳翠井巷 ,49519.0,70.67994103273492,0,0
金棕榈花园 ,45555.0,131.70892327955218,0,0
复兴北苑 ,45294.0,47.9092153486113,0,0
翰林花园 ,43070.0,150.91711167866265,0,0
后市街 ,48866.0,60.36917284001146,0,0
新绿园 ,77235.0,207.15996633650548,0,0
近江家园三园 ,48889.0,134.9996931825155,0,0
祖庙巷47-51号 ,70394.0,73.8699320964855,0,0
民安苑 ,46591.0,43.999914146508985,0,0
翰林花园 ,50327.0,160.94740397798398,0,0
锦都世家 ,44944.0,88.99964400142399,0,0
民安苑 ,48829.0,46.07917426119724,0,0
民安苑 ,48095.0,28.06944588834598,0,0
六圣堂 ,46032.0,48.879040667361835,0,0
翰林花园 ,49746.0,47.239979093796485,0,0
近江家园六园 ,54341.0,79.12993872030327,0,0
近江苑 ,59851.0,60.14937093782894,0,0
钱塘人家 ,44849.0,156.07928827844546,0,0
近江家园六园 ,48980.0,97.99918334013883,0,0
望江新园一园 ,43646.0,75.60830316638409,0,0
近江家园一园 ,48145.0,128.77765084640149,0,0
世纪坊 ,50541.0,99.91887774282266,0,0
皮市巷 ,44516.0,90.97852457543355,0,0
美政花苑 ,46415.0,86.1790369492621,0,0
下华光巷70号 ,42291.0,56.74966304887565,0,0
春江花月 ,58712.0,115.81959395012944,0,0
十亩田家园 ,36802.0,108.68974512254769,0,0
定安苑 ,55070.0,68.63991283820592,0,0
临江风帆公寓 ,54476.0,85.35869006534988,0,0
近江家园一园 ,50316.0,106.32800699578662,0,0
东河家园 ,65695.0,124.81924042925641,0,0
金狮苑 ,50313.0,65.58941029157474,0,0
美政花苑 ,47501.0,168.41750699985263,0,0
天福花园 ,55507.0,90.07872880897905,0,0
绿城蓝色钱江 ,40777.0,102.999239767516,0,0
春江花月 ,59987.0,199.20982879623918,0,0
复兴城市家园 ,47446.0,136.99785018758166,0,0
万安城市花园东苑 ,47717.0,146.69824171678857,0,0
新城坊 ,49803.0,151.59729333574282,0,0
康都紫轩 ,47139.0,180.317783576232,0,0
日信国际DOUBLE时代 ,53855.0,39.17927769009377,0,0
甘王新村 ,48406.0,59.9099285212577,0,0
金都华府 ,51818.0,135.0881932919063,0,0
永宁院 ,39906.0,75.92843181476469,0,0
凤凰南苑 ,52084.0,71.99907841179633,0,0
紫金观巷 ,45058.0,50.37951085267877,0,0
老浙大直路11-25号 ,43522.0,59.73990165893112,0,0
复兴南苑 ,49955.0,44.03963567210489,0,0
孝友里9-13号 ,46618.0,46.11952464713201,0,0
城南家园 ,49233.0,43.66989620782808,0,0
民安苑 ,46635.0,39.66977591937386,0,0
近江家园七园 ,57047.0,44.69998422353498,0,0
十五奎巷 ,44814.0,75.86914803409648,0,0
绿城蓝色钱江 ,43730.0,53.738852046649896,0,0
凤凰南苑 ,48644.0,92.50883973357455,0,0
木材新村 ,53860.0,66.83995544002971,0,0
秋涛南苑 ,49348.0,70.51957526140878,0,0
世纪坊 ,48828.0,99.32825428033095,0,0
大学路新村 ,45083.0,59.88953707605971,0,0
黄醋园 ,48088.0,37.6393278988521,0,0
近江家园九园 ,57995.0,80.17932580394861,0,0
紫金观巷 ,48135.0,49.859769398566534,0,0
老浙大横路一弄 ,45443.0,74.81900402702287,0,0
皮市巷 ,51774.0,52.149727662533316,0,0
钱江苑 ,52565.0,125.55883192238181,0,0
紫金观巷 ,43132.0,61.43930260595381,0,0
近江家园四园 ,58197.0,60.99970788872279,0,0
光复路小区 ,48550.0,69.61894953656025,0,0
紫花苑 ,49559.0,73.64958937831675,0,0
小河下小区 ,45201.0,75.2195747881684,0,0
望江家园西园 ,53427.0,70.18923016452355,0,0
望江新园一园 ,45393.0,87.89901526667107,0,0
定安苑 ,57110.0,68.639467693924,0,0
凤凰城广场 ,28847.0,103.99694942281693,0,0
叶家弄 ,48315.0,46.56938838869916,0,0
美政花苑 ,48298.0,80.74868524576587,0,0
青年路小区 ,51166.0,52.769417191103464,0,0
景江城市花园 ,27394.0,38.329561217784914,0,0
崔家巷 ,69484.0,71.95901214668125,0,0
南瓦坊 ,45017.0,55.97885243352511,0,0
平海公寓 ,77788.0,57.84953977477246,0,0
金棕榈花园 ,43336.0,179.98892375853794,0,0
中山苑 ,45018.0,155.0490914745213,0,0
通江桥高层小区 ,45520.0,70.298769771529,0,0
城隍牌楼巷 ,43313.0,76.18959665689285,0,0
叶家弄 ,38754.0,67.08984878980235,0,0
定安苑 ,56531.0,59.25952132458297,0,0
新绿园 ,79963.0,150.0694071007841,0,0
金都华府 ,55427.0,155.1590380139643,0,0
马市街 ,45936.0,52.89968652037618,0,0
清怡花苑 ,52360.0,145.14896867838044,0,0
春江花月 ,62704.0,129.17836182699668,0,0
十亩田家园 ,42883.0,72.289718536483,0,0
钱江时代公寓 ,59996.0,125.00833388892593,0,0
丰禾巷 ,44497.0,64.04926174798301,0,0
怡和苑 ,50967.0,104.96988247297271,0,0
天福花园 ,51389.0,130.3780964797914,0,0
美政花苑 ,44384.0,87.86950252343186,0,0
赞成林风沁林苑 ,65082.0,145.96969976337544,0,0
复兴南苑 ,47646.0,36.09956764471309,0,0
宋浇造巷 ,69886.0,56.94988982056492,0,0
大王庙巷小区 ,43621.0,45.849476169734764,0,0
紫金观巷 ,50062.0,48.93931524909113,0,0
叶家弄 ,44039.0,46.549649174595245,0,0
丰家兜10号 ,42165.0,42.68943436499466,0,0
状元弄 ,41600.0,86.53846153846153,0,0
文华苑 ,59481.0,54.63929658210185,0,0
龙华巷4到11号 ,47839.0,43.479169715086016,0,0
中山苑 ,45003.0,158.87829700242207,0,0
严衙弄 ,43004.0,58.599200074411684,0,0
南瓦坊 ,52389.0,64.8991200442841,0,0
近江家园二园 ,56955.0,95.68957949258186,0,0
青年路小区 ,55231.0,61.55963136644276,0,0
十五奎巷 ,48563.0,76.18969174062558,0,0
建国南苑 ,42333.0,73.22892306238631,0,0
横河新村 ,36074.0,66.52991073903642,0,0
临江风帆公寓 ,53641.0,118.3795976957924,0,0
黄工厂弄 ,41320.0,57.59922555663117,0,0
建国南苑 ,43222.0,72.87955207995928,0,0
城站路小区 ,45978.0,62.63865326895472,0,0
建国南苑 ,44968.0,53.148905888631916,0,0
燕子弄 ,46425.0,61.38933764135703,0,0
康都紫轩 ,69663.0,88.99989951624248,0,0
近江家园三园 ,55583.0,123.77885324649623,0,0
建国南苑 ,46021.0,47.369679059559765,0,0
大学路新村 ,43068.0,47.599145537289864,0,0
文华苑 ,50098.0,66.86893688370793,0,0
金狮苑 ,46502.0,47.30979312717733,0,0
滨江新苑 ,64531.0,46.17935565852071,0,0
凤凰北苑 ,49727.0,80.43919802119572,0,0
钱塘雅苑 ,38606.0,181.31896596383982,0,0
好望角公寓 ,41993.0,164.78936965684758,0,0
春江花月 ,60410.0,182.0890581029631,0,0
近江家园六园 ,46160.0,101.81975736568458,0,0
长堤明苑 ,29660.0,144.9763991908294,0,0
建国南苑 ,45604.0,85.5188141391106,0,0
水澄花园北苑 ,40216.0,161.62721304953251,0,0
十亩田家园 ,38732.0,64.02974284829082,0,0
近江家园八园 ,58620.0,60.559535994541115,0,0
十亩田家园 ,43970.0,55.719808960654994,0,0
长堤明苑 ,40006.0,144.9782532620107,0,0
钱塘人家 ,45752.0,125.67756600804337,0,0
好望角公寓 ,40056.0,137.30776912322747,0,0
恒丰坊 ,49605.0,87.28958774317105,0,0
近江家园三园 ,53895.0,183.3194173856573,0,0
近江家园五园 ,52458.0,175.37839795646042,0,0
金都华府 ,53014.0,179.19794771192514,0,0
水澄花园北苑 ,47115.0,148.14814814814815,0,0
世纪坊 ,52000.0,86.53846153846153,0,0
横河新村 ,47654.0,41.96919461115541,0,0
近江家园一园 ,52280.0,128.53863810252486,0,0
康都紫轩 ,61787.0,137.56939161959636,0,0
城南家园 ,42301.0,99.28843289756743,0,0
民安苑 ,45894.0,54.90913844947052,0,0
望江新园一园 ,47465.0,61.72969556515327,0,0
民生路 ,46053.0,53.199574403404775,0,0
十亩田家园 ,42895.0,53.61930294906166,0,0
永昌坝 ,45408.0,58.35976039464411,0,0
云雀苑 ,45113.0,42.559794294327574,0,0
万科金色城品 ,43149.0,46.11926116480104,0,0
婺江家园二园 ,52075.0,113.29812770043208,0,0
复兴北苑 ,30496.0,249.21301154249738,0,0
赛丽绿城丽园 ,72148.0,346.5099517658147,0,0
金都华府 ,52737.0,155.48855642148777,0,0
绿城蓝色钱江 ,93030.0,360.0988928302698,0,0
赞成林风映水苑 ,60734.0,214.04814436724075,0,0
大学路新村 ,41956.0,47.66898655734579,0,0
严官巷 ,45025.0,52.85952248750694,0,0
光复路小区 ,52066.0,28.8095878308301,0,0
河坊街小区 ,42034.0,51.14906980063758,0,0
南光坊 ,51182.0,101.59821812355906,0,0
景江城市花园 ,46704.0,181.99725933538883,0,0
小米巷 ,39751.0,35.21923976755302,0,0
建国南苑 ,46906.0,70.77985758751545,0,0
河坊街小区 ,47312.0,51.14981400067636,0,0
断河头 ,56604.0,52.999788000848,0,0
金狮苑 ,46056.0,49.93920444676046,0,0
察院前巷 ,45779.0,58.979007842023634,0,0
赞成林风和风苑 ,73051.0,88.97893252659101,0,0
钱江时代公寓 ,54292.0,96.69932955131512,0,0
华光路 ,57351.0,52.30946278181723,0,0
望江新园一园 ,45502.0,87.90822381433783,0,0
复兴南苑 ,46466.0,54.87883613825162,0,0
复兴东苑 ,47887.0,85.61822624094222,0,0
紫花苑 ,49785.0,67.28934417997388,0,0
候潮公寓 ,43292.0,53.58957775108565,0,0
东羊血弄 ,46766.0,64.14916819911902,0,0
春江花月 ,55995.0,160.72863648540047,0,0
北落马营6号 ,42923.0,57.07895533862964,0,0
城站路小区 ,50000.0,56.4,0,0
皮市巷 ,41663.0,98.40865996207667,0,0
近江家园四园 ,56541.0,53.58943067862259,0,0
景江城市花园 ,31301.0,122.99926519919491,0,0
天福花园 ,43258.0,134.07924545748764,0,0
文华苑 ,55887.0,67.09968328949488,0,0
钱塘雅苑 ,42551.0,141.00726187398652,0,0
清怡花苑 ,45954.0,184.9675762719241,0,0
鸥江公寓 ,60239.0,56.109829180431284,0,0
鸥江公寓 ,54909.0,91.05975341018777,0,0
青年路小区 ,50882.0,40.2892968043709,0,0
小米巷 ,41902.0,63.958760918333255,0,0
青年路小区 ,53677.0,37.25990647763474,0,0
建国南苑 ,45730.0,57.94883008965668,0,0
东方金座 ,30031.0,89.90709600079917,0,0
日信国际DOUBLE时代 ,63298.0,39.17975291478404,0,0
绿城蓝色钱江 ,100040.0,177.92882846861255,0,0
美政花苑 ,45408.0,87.86997885835095,0,0
赞成林风沁林苑 ,64991.0,144.01994122263082,0,0
十亩田家园 ,43040.0,63.42936802973978,0,0
柳浪阁 ,63856.0,98.65948383863693,0,0
复兴北苑 ,45025.0,65.51915602443087,0,0
复兴南苑 ,44127.0,47.589910938880955,0,0
城隍牌楼巷 ,48765.0,75.66902491541065,0,0
康都紫轩 ,66293.0,88.99883848973496,0,0
南班巷 ,46440.0,35.5297157622739,0,0
南班巷 ,48109.0,30.139890664948346,0,0
笤帚湾 ,51133.0,54.75915749124832,0,0
凤凰城广场 ,27259.0,38.51938809200631,0,0
冯山人巷 ,48801.0,60.44958095121002,0,0
燕子弄 ,44352.0,67.1897546897547,0,0
将军路 ,61976.0,82.289918678198,0,0
紫金观巷 ,45218.0,57.49922597195807,0,0
老浙大横路一弄 ,46542.0,54.789222637617634,0,0
延定巷38号 ,77232.0,49.849803190387405,0,0
平海路小区 ,76629.0,78.29933837059077,0,0
金棕榈花园 ,48619.0,141.91982558259116,0,0
钱江苑 ,49604.0,125.99790339488752,0,0
大学路新村 ,48356.0,41.35991397137894,0,0
南班巷 ,46492.0,56.99905360061946,0,0
瑞丰格林苑 ,59120.0,142.92963464140732,0,0
华藏寺巷 ,46636.0,75.0493181233382,0,0
华龙家园 ,52138.0,86.30940964363803,0,0
近江家园二园 ,55884.0,64.41915396177797,0,0
清怡花苑 ,43078.0,133.47880588699567,0,0
清怡花苑 ,42004.0,160.69898104942388,0,0
光复路小区 ,48923.0,65.40890787564132,0,0
金都华府 ,55219.0,128.57893116499756,0,0
檀香园 ,50954.0,153.07924794913058,0,0
新工新村 ,45470.0,61.57906311853969,0,0
金色海岸 ,83032.0,333.60632045476444,0,0
春江花月 ,68461.0,189.88913395948057,0,0
南班巷 ,46440.0,51.2489233419466,0,0
金隅学府 ,79740.0,89.0393779784299,0,0
民安苑 ,41959.0,95.56948449677066,0,0
金隅学府 ,75281.0,88.99988044792178,0,0
长明寺巷小区 ,41563.0,48.1197218680076,0,0
鸥江公寓 ,69657.0,29.42992089811505,0,0
福利新村 ,43752.0,34.96982995063083,0,0
清怡花苑 ,40784.0,134.85680659081993,0,0
滨江新苑 ,41704.0,167.8496067523499,0,0
尚筑金座 ,33684.0,63.82852392827455,0,0
郡亭公寓 ,40000.0,145.0,0,0
新绿园 ,67318.0,178.25841528268813,0,0
富星苑 ,52898.0,83.17894816439185,0,0
定安苑 ,49087.0,87.5995681137572,0,0
金都华府 ,56976.0,158.8388093232238,0,0
望江新园二园 ,44977.0,150.07670587189008,0,0
永宁院 ,42251.0,44.96934983787366,0,0
定安苑 ,52556.0,69.44972981201005,0,0
皮市巷 ,46025.0,86.90928843020097,0,0
金隆花园 ,41119.0,85.1188015272745,0,0
滨江新苑 ,46595.0,83.6999678077047,0,0
乌龙巷1-8号 ,43889.0,45.5695048873294,0,0
翰林花园 ,54019.0,122.17923323275144,0,0
檀香园 ,60000.0,86.5,0,0
金棕榈花园 ,50270.0,139.24806047344342,0,0
清怡花苑 ,45487.0,143.99718600918945,0,0
复兴南苑 ,43252.0,110.97752705077222,0,0
近江家园一园 ,50741.0,124.15994954770304,0,0
老浙大直路11-25号 ,46179.0,101.77786439723684,0,0
凤凰南苑 ,48102.0,78.9987942289302,0,0
城南家园 ,48041.0,59.948793738681545,0,0
近江家园六园 ,57479.0,74.80993058334349,0,0
建国南苑 ,42468.0,67.10935292455495,0,0
绿城蓝色钱江 ,78060.0,236.99718165513707,0,0
长明寺巷小区 ,42223.0,44.99917106790138,0,0
凤凰南苑 ,48869.0,55.249749329841,0,0
复兴南苑 ,39336.0,36.09924750864348,0,0
日信国际DOUBLE时代 ,49718.0,51.28927149121043,0,0
柳翠井巷51号 ,46016.0,54.32892906815021,0,0
景江城市花园 ,28000.0,45.0,0,0
钱江御府 ,67221.0,138.34962288570537,0,0
马市街 ,41847.0,41.81900733624872,0,0
春江花月 ,61364.0,67.62922886382896,0,0
东方金座 ,36236.0,96.58902748647753,0,0
美政花苑 ,40732.0,110.47824806049297,0,0
望江新园一园 ,45403.0,86.99865647644428,0,0
候潮公寓 ,45826.0,139.6587090298084,0,0
望江新园二园 ,42334.0,149.99763783247508,0,0
凤凰南苑 ,43259.0,88.99882105457824,0,0
新绿园 ,73486.0,149.68837601720057,0,0
钱塘名都 ,49969.0,144.08933538794054,0,0
老浙大横路一弄 ,49797.0,76.30981786051369,0,0
大王庙巷小区 ,49801.0,40.15983614786852,0,0
定安苑 ,56385.0,120.59945020838876,0,0
长明寺巷小区 ,45561.0,85.59952591031804,0,0
后市街23号 ,49498.0,62.62879308254879,0,0
十亩田家园 ,47357.0,96.0787212027789,0,0
响水坝 ,42407.0,75.45924021977504,0,0
近江家园一园 ,56000.0,75.0,0,0
钱塘名都 ,48887.0,162.61991940597704,0,0
金棕榈花园 ,42481.0,141.23961300346036,0,0
皮市巷 ,42373.0,47.19986784037005,0,0
凤凰城广场 ,28390.0,58.119056005635784,0,0
华龙家园 ,58622.0,55.43993722493262,0,0
近江家园二园 ,52051.0,116.80851472594186,0,0
望江家园东园 ,48348.0,120.99776619508563,0,0
赞成林风沁林苑 ,66582.0,101.37875101378751,0,0
近江家园三园 ,55954.0,134.03867462558532,0,0
乌龙巷1-8号 ,54180.0,71.0594315245478,0,0
复兴南苑 ,47957.0,47.959630502325,0,0
近江家园五园 ,55054.0,76.2887346968431,0,0
近江家园三园 ,55887.0,134.19936657898975,0,0
赞成林风沁林苑 ,59938.0,145.1499883212653,0,0
信余里 ,53358.0,55.84916975898647,0,0
世纪坊 ,53465.0,77.05975872065838,0,0
复兴南苑 ,47162.0,83.32979941478308,0,0
茶啾弄 ,42564.0,84.57851705666761,0,0
在水一方公寓 ,57117.0,97.1689689584537,0,0
复兴南苑 ,42867.0,47.58905451746099,0,0
大学路新村 ,44688.0,60.41890440386681,0,0
水岸枫庭 ,72728.0,87.9991200087999,0,0
枝头巷7-28号 ,75242.0,55.81988782860636,0,0
望江家园东园 ,53411.0,89.86912808223025,0,0
保安桥直街 ,45345.0,61.74881464329033,0,0
大学路新村 ,43670.0,68.23906572017404,0,0
缸儿巷 ,47822.0,56.4593701643595,0,0
马市街 ,39176.0,48.499081070042884,0,0
信余里 ,44522.0,69.62849827051795,0,0
中山御庭 ,64992.0,177.86804529788282,0,0
清泰南苑 ,44996.0,219.79731531691706,0,0
赞成林风映水苑 ,63372.0,149.90847692987438,0,0
耀江广厦 ,68180.0,124.66999119976532,0,0
通江桥高层小区 ,43812.0,73.03934994978545,0,0
中河中路 ,52191.0,53.64909658753425,0,0
火药局弄49号 ,50117.0,55.86926591775246,0,0
凤凰北苑 ,48050.0,115.08844953173778,0,0
世纪坊 ,49041.0,91.75995595522114,0,0
云雀苑 ,46655.0,68.58857571535741,0,0
紫金观巷 ,45844.0,65.43931594101737,0,0
民安苑 ,45215.0,109.6981090346124,0,0
江枫苑 ,52947.0,117.09823030577748,0,0
长坡里 ,42911.0,51.26890540886952,0,0
城隍牌楼巷 ,48983.0,91.86860747606312,0,0
后市街 ,51667.0,59.99961290572319,0,0
美政花苑 ,44546.0,87.54994836797917,0,0
美政花苑 ,46533.0,45.1292631036039,0,0
城隍牌楼巷 ,52248.0,91.86954524575103,0,0
春江花月 ,64246.0,178.99947078417333,0,0
檀香园 ,56044.0,157.01948469060025,0,0
水澄花园北苑 ,43718.0,141.81801546273846,0,0
钱江时代公寓 ,57143.0,160.99959750100624,0,0
佑圣观路5号 ,49717.0,86.4895307440111,0,0
老浙大直路11-25号 ,47236.0,71.97899906850706,0,0
怡和苑 ,53738.0,104.2093118463657,0,0
定安苑 ,53759.0,68.63966963671199,0,0
美政花苑 ,47604.0,61.96958238803462,0,0
金狮苑 ,47849.0,45.55999080440552,0,0
怡和苑 ,54016.0,104.9688981042654,0,0
柳浪东苑 ,109119.0,79.72946966156215,0,0
美政花苑 ,45802.0,72.0492554910266,0,0
建国南苑 ,43802.0,34.92991187617004,0,0
二凉亭 ,49971.0,50.229132897080305,0,0
凤凰南苑 ,44384.0,65.78947368421052,0,0
景江城市花园 ,31026.0,51.56965126023335,0,0
景江城市花园 ,28538.0,42.04919756114654,0,0
景江城市花园 ,32921.0,75.93937000698642,0,0
广宇吴山鸣翠苑 ,113914.0,122.89973137630142,0,0
望江新丰苑 ,44978.0,160.07826048290275,0,0
森仁里1-3号 ,43847.0,61.34969325153374,0,0
白马庙巷 ,45409.0,69.36950824726375,0,0
万松岭路88号 ,44925.0,52.309404563160825,0,0
金狮苑 ,43017.0,71.59960015807704,0,0
华光路 ,54675.0,54.869684499314126,0,0
清波苑 ,87052.0,145.8898129853421,0,0
定安苑 ,53077.0,50.86949149349059,0,0
好望角公寓 ,35516.0,168.9379434621016,0,0
中山苑 ,39024.0,158.87658876588765,0,0
望江新园一园 ,51056.0,88.13851457223441,0,0
富春大厦 ,48236.0,94.94983000248777,0,0
太和广场 ,47095.0,138.01889797218388,0,0
春江花月 ,62500.0,112.0,0,0
老浙大横路三弄 ,50140.0,89.74870362983646,0,0
后市街 ,60519.0,97.15956972190551,0,0
江枫苑 ,52000.0,105.0,0,0
大王庙巷小区 ,49834.0,36.119918128185574,0,0
世纪坊 ,55045.0,99.91824870560451,0,0
建国南苑 ,46291.0,92.45857726123869,0,0
近江家园六园 ,53435.0,70.17872181154674,0,0
近江家园五园 ,56364.0,76.28983038819105,0,0
华光路 ,65336.0,55.099791845230804,0,0
复兴南苑 ,48716.0,33.86977584366532,0,0
华龙家园 ,52648.0,96.86977662969154,0,0
祠堂巷 ,55214.0,77.87879885536277,0,0
建国南苑 ,44854.0,63.539483658090695,0,0
大马弄 ,50033.0,61.35950272819939,0,0
复兴南苑 ,45609.0,67.96904119800917,0,0
金狮苑 ,45960.0,53.95996518711923,0,0
北落马营 ,45184.0,65.5099150141643,0,0
马市街 ,56508.0,56.62914985488781,0,0
小河下小区 ,45804.0,87.32861758798359,0,0
江枫苑 ,53041.0,130.08804509718897,0,0
皮市巷 ,49062.0,58.08976397211691,0,0
春江花月 ,60448.0,66.99973530968767,0,0
大学路新村 ,44851.0,60.19932665938329,0,0
钱江时代公寓 ,59985.0,141.8688005334667,0,0
赞成林风沁林苑 ,72735.0,144.35966178593523,0,0
大王庙巷小区 ,49840.0,59.18940609951846,0,0
钱江时代公寓 ,64004.0,96.86894569089432,0,0
光复路小区 ,48954.0,59.23928586019529,0,0
马市街 ,43917.0,49.63909192340096,0,0
四条巷 ,63524.0,81.85882501101946,0,0
美政花苑 ,45163.0,49.819542545889334,0,0
天福花园 ,49265.0,80.17862579924896,0,0
复兴南苑 ,46481.0,59.379101138099436,0,0
长堤明苑 ,36061.0,135.32625273841546,0,0
清怡花苑 ,35869.0,220.2458947837966,0,0
水岸枫庭 ,64070.0,271.2658030279382,0,0
严衙弄 ,43291.0,57.748723753205056,0,0
清河家园 ,42535.0,34.08957329258258,0,0
光复路146-186号 ,74138.0,70.13946963770266,0,0
中河中路 ,58624.0,96.88864628820961,0,0
美政花苑 ,46080.0,72.04861111111111,0,0
建国南苑 ,42823.0,49.039067790673236,0,0
枝头巷7-28号 ,78165.0,58.849868867140025,0,0
白塔人家 ,47081.0,63.71997196321234,0,0
皮市巷 ,41576.0,63.738695401193,0,0
光复路37-48号 ,57607.0,42.52955370007117,0,0
佑圣观路101号 ,46660.0,73.93913416202315,0,0
延定巷2号 ,74774.0,52.95958488244577,0,0
青年路小区 ,53520.0,68.19880418535126,0,0
凤凰南苑 ,49165.0,71.18885385945286,0,0
近江家园一园 ,70809.0,98.99871485263172,0,0
长堤明苑 ,14752.0,140.99783080260303,0,0
景江城市花园 ,27208.0,40.429285504263454,0,0
紫金观巷 ,50000.0,48.0,0,0
向阳新村 ,70641.0,74.31944621395508,0,0
望江新园三园 ,42728.0,58.50964238906572,0,0
凤凰南苑 ,47532.0,54.699991584616676,0,0
五圣堂 ,41686.0,43.17996449647364,0,0
南班巷 ,45377.0,40.76955285717434,0,0
大学路新村 ,49844.0,35.10954177032341,0,0
蕙宜村 ,72445.0,75.91966319276693,0,0
美政花苑 ,47250.0,47.61904761904762,0,0
好望角公寓 ,44568.0,213.157422365823,0,0
钱江时代公寓 ,52272.0,124.34955616773799,0,0
新绿园 ,71443.0,207.15815405288132,0,0
复兴南苑 ,38158.0,146.75821583940458,0,0
复兴城市家园 ,41903.0,143.18783857957663,0,0
柳浪新苑 ,73491.0,76.19980677906138,0,0
好望角公寓 ,38004.0,182.08609620039996,0,0
钱江御府 ,68346.0,138.99862464518773,0,0
金隅学府 ,77238.0,88.03956601672752,0,0
望江新园一园 ,45502.0,87.90822381433783,0,0
南瓦坊 ,56746.0,54.629401191273395,0,0
新绿园 ,78897.0,145.75966133059558,0,0
建国南苑 ,44999.0,48.88997533278517,0,0
北落马营 ,45586.0,44.96994691352608,0,0
望江新园二园 ,48603.0,57.60961257535543,0,0
檀香园 ,57960.0,73.49896480331263,0,0
金狮苑 ,50602.0,28.25975257894945,0,0
柴校坊 ,52291.0,47.80937446214454,0,0
近江家园六园 ,60670.0,47.799571452118016,0,0
美政花苑 ,45174.0,37.18953380262983,0,0
近江家园八园 ,58218.0,44.65972723212752,0,0
红门局7、9号 ,52541.0,51.959422165546904,0,0
丰家兜12号 ,39838.0,46.689090817812136,0,0
景江城市花园 ,41026.0,38.99965875298591,0,0
复兴南苑 ,43143.0,44.039589272883205,0,0
保安桥河下 ,43745.0,34.28963310092582,0,0
万科金色城品 ,56785.0,33.459540371577,0,0
绿城蓝色钱江 ,86207.0,173.99979120025057,0,0
滨江金色家园 ,60146.0,266.01935290792403,0,0
绿城蓝色钱江 ,92762.0,361.1392596106164,0,0
金隅学府 ,80500.0,149.06832298136646,0,0
环城东路22号 ,36578.0,66.15998687735798,0,0
民生路 ,42896.0,55.949272659455424,0,0
复兴南苑 ,45902.0,121.999041436103,0,0
直箭道巷 ,44940.0,55.62972852692479,0,0
皮市巷 ,46192.0,53.03948735711811,0,0
黄工厂弄 ,45483.0,48.36972055493261,0,0
北落马营 ,42882.0,69.95942353435008,0,0
丰家兜35号 ,50492.0,72.2886793947556,0,0
大学路新村 ,47771.0,69.0795671013795,0,0
江城路316号 ,45343.0,89.31918929051893,0,0
望江新园三园 ,41595.0,115.39848539487919,0,0
河坊街小区 ,51700.0,41.19922630560929,0,0
候潮公寓 ,43397.0,52.999055234232785,0,0
木材新村 ,55194.0,59.789107511686055,0,0
马市街 ,45783.0,56.789638075268115,0,0
吴山人家 ,81750.0,48.92966360856269,0,0
严衙弄 ,46827.0,48.68985841501698,0,0
中河中路 ,63583.0,102.22858311183808,0,0
近江家园二园 ,53732.0,66.99918112111963,0,0
锦都世家 ,48870.0,81.84980560671168,0,0
后市街 ,52853.0,42.94931224339205,0,0
惠民路 ,50756.0,44.32973441563559,0,0
水澄花园北苑 ,47243.0,141.8199521622251,0,0
柳翠桥弄2-3号 ,52255.0,48.79915797531337,0,0
大王庙巷小区 ,44417.0,39.39932908571043,0,0
绿城蓝色钱江 ,46521.0,53.739171556931275,0,0
信余里 ,46223.0,44.99924280120286,0,0
云雀苑 ,42863.0,53.659333224459324,0,0
洪福桥18号 ,44988.0,62.238819240686404,0,0
袁井巷 ,39283.0,58.549499783621414,0,0
建国南苑 ,43368.0,43.34993543626637,0,0
马市街 ,43142.0,56.789207732603955,0,0
定安东苑 ,60621.0,41.23983438082513,0,0
叶家弄 ,42736.0,47.96892549606889,0,0
火药局弄29号 ,49485.0,49.50995251086188,0,0
保安桥河下 ,46713.0,55.659024254490184,0,0
复兴南苑 ,49955.0,44.03963567210489,0,0
近江家园九园 ,60241.0,46.47997211201673,0,0
马市街 ,46099.0,47.28952905702943,0,0
近江家园八园 ,58103.0,46.46920124606303,0,0
江城路216号 ,43789.0,40.649478179451464,0,0
建国南苑 ,39946.0,43.80914234216192,0,0
美政花苑 ,40490.0,60.50876759693752,0,0
浣纱路 ,59971.0,103.04980740691335,0,0
金棕榈花园 ,43715.0,139.99771245567882,0,0
横河新村 ,47987.0,80.43845208077188,0,0
复兴南苑 ,42106.0,142.49750629363987,0,0
凤凰南苑 ,56271.0,62.19900126175117,0,0
水岸枫庭 ,74576.0,174.31881570478438,0,0
新绿园 ,82491.0,181.8380186929483,0,0
水岸枫庭 ,59041.0,270.99811995054284,0,0
金棕榈花园 ,52483.0,186.7271306899377,0,0
凤凰北苑 ,54249.0,152.99821194860735,0,0
金隅学府 ,76371.0,89.0390331408519,0,0
紫花苑 ,38962.0,134.74667624865253,0,0
福利新村 ,42737.0,54.51950300676229,0,0
复兴南苑 ,42380.0,127.41859367626239,0,0
光复路小区 ,41730.0,66.61873951593577,0,0
云雀苑 ,44825.0,49.079754601226995,0,0
凤凰南苑 ,48854.0,53.219797764768494,0,0
金隆花园 ,49883.0,42.49944870998136,0,0
清河家园 ,45415.0,34.129692832764505,0,0
建国南苑 ,44870.0,55.93938043236015,0,0
紫花苑 ,47059.0,45.04983106313351,0,0
大学路新村 ,52343.0,40.11997783848843,0,0
十五奎巷 ,45697.0,47.04904041840821,0,0
燕子弄 ,43011.0,51.14970588919114,0,0
老浙大直路11-25号 ,48462.0,47.45986546159878,0,0
世纪坊 ,50035.0,86.53942240431698,0,0
复兴北苑 ,45723.0,33.899787852940534,0,0
上水陆寺巷 ,44115.0,46.4694548339567,0,0
柳浪新苑 ,67163.0,41.68962077334247,0,0
后市街 ,50494.0,42.579316354418346,0,0
金狮苑 ,42682.0,48.02961435734033,0,0
凤山路79号 ,47278.0,37.64964677016794,0,0
新绿园 ,70568.0,68.0194989230246,0,0
紫花苑 ,45949.0,45.0499466800148,0,0
清河家园 ,48402.0,34.08950043386637,0,0
城隍牌楼巷 ,49262.0,44.65916933945029,0,0
浣纱路 ,56303.0,59.49949381027654,0,0
紫花苑 ,48025.0,55.179593961478396,0,0
定安路44号 ,63363.0,39.13956094250588,0,0
清怡花苑 ,42938.0,160.69681866877823,0,0
华藏寺巷 ,50435.0,68.99970258748884,0,0
高士坊巷 ,68173.0,25.66998665160694,0,0
清江路82-4号 ,45627.0,63.55885769390931,0,0
南班巷 ,46020.0,57.149065623641896,0,0
凤山花苑 ,47093.0,91.30868706601831,0,0
乌龙巷 ,41900.0,60.859188544152744,0,0
金狮苑 ,48691.0,32.449528660327374,0,0
候潮公寓 ,44928.0,34.49964387464387,0,0
山南人家 ,42921.0,47.52918151953589,0,0
民安苑 ,49058.0,28.129968608585756,0,0
劳动路 ,67529.0,34.79986376223548,0,0
近江家园六园 ,42728.0,162.6568058416027,0,0
凤凰北苑 ,46051.0,115.08979175262209,0,0
南星公寓 ,44379.0,37.17974717771919,0,0
中山中路312-404号 ,66097.0,78.36966882006747,0,0
青年路小区 ,55078.0,99.85838265732234,0,0
春江花月 ,60522.0,114.00812927530485,0,0
柳浪阁 ,61979.0,39.52951806256958,0,0
凤凰南苑 ,48244.0,80.8390680706409,0,0
近江家园七园 ,53175.0,82.36953455571228,0,0
美政花苑 ,44685.0,86.15866621908918,0,0
中山中路312-404号 ,59864.0,70.15902712815716,0,0
龙华巷4到11号 ,47646.0,53.51970784535953,0,0
皇诰巷 ,55341.0,87.63845973148298,0,0
延定巷2号 ,78006.0,58.96982283414096,0,0
燕子弄 ,44781.0,67.4393157812465,0,0
东平巷小区 ,58361.0,34.26946077003478,0,0
凤凰南苑 ,55258.0,59.71985956784538,0,0
滨江家园 ,40813.0,117.60958518119227,0,0
光复路146-186号 ,67542.0,51.81960853987149,0,0
城隍牌楼巷 ,53009.0,37.729442170197515,0,0
复兴南苑 ,51523.0,108.6893232148749,0,0
保安桥直街 ,44185.0,48.659047187959715,0,0
南班巷 ,45373.0,44.07907786569105,0,0
复兴南苑 ,48943.0,31.669493083791348,0,0
美政花苑 ,48138.0,119.4482529394657,0,0
日信国际DOUBLE时代 ,54592.0,51.289566236811254,0,0
世纪坊 ,53401.0,91.75858129997566,0,0
春江花月 ,60000.0,132.0,0,0
钱江时代公寓 ,51839.0,125.38822122340324,0,0
山南人家 ,45674.0,84.94986206594561,0,0
檀香园 ,50482.0,139.25755714908283,0,0
丰家兜12号 ,45115.0,45.43943256123241,0,0
紫金观巷 ,48238.0,74.6299597827439,0,0
民安苑 ,41090.0,104.64833292771964,0,0
清怡花苑 ,44573.0,107.6885109819846,0,0
青年路小区 ,44459.0,46.109899008074855,0,0
皇诰巷 ,64641.0,88.17932890889684,0,0
城隍牌楼巷 ,48228.0,55.569378784108814,0,0
檀香园 ,49978.0,153.26743767257594,0,0
丁衙巷 ,47927.0,54.24917061364158,0,0
凤凰北苑 ,49715.0,69.99899426732375,0,0
望江新园一园 ,45670.0,88.6796584190935,0,0
江枫苑 ,47157.0,106.02879742137965,0,0
滨江家园 ,41514.0,92.73979862215157,0,0
涌金花园 ,79494.0,123.27974438322389,0,0
涌金花园 ,69326.0,93.75991691428901,0,0
望江新园一园 ,43739.0,61.72980635131119,0,0
凤山路79号 ,44516.0,62.89873303980591,0,0
民安苑 ,51565.0,28.11984873460681,0,0
环城东路16号 ,44118.0,57.79953760369917,0,0
叶家弄 ,46279.0,50.77897102357441,0,0
彩霞岭 ,46972.0,40.449629566550286,0,0
森仁里1-3号 ,45152.0,32.99964564138909,0,0
大学路新村 ,43691.0,49.20921929001396,0,0
尚筑金座 ,36461.0,41.139848056827844,0,0
金狮苑 ,44820.0,47.96965640339134,0,0
城隍牌楼巷 ,48535.0,51.509220150406925,0,0
凤凰南苑 ,46948.0,81.57962000511203,0,0
彩霞新村 ,48095.0,83.16872855806217,0,0
中河中路 ,73530.0,101.99918400652795,0,0
钱江御府 ,84270.0,88.99964400142399,0,0
望江家园东园 ,51676.0,99.65941636349562,0,0
定安苑 ,50991.0,68.63956384460003,0,0
新工新村 ,49211.0,58.929914043608136,0,0
严衙弄 ,49893.0,69.74926342372677,0,0
凤凰北苑 ,51429.0,69.99941667152774,0,0
新绿园 ,72818.0,137.3286824686204,0,0
大塔儿巷 ,45193.0,39.829177084946785,0,0
文华苑 ,53473.0,71.99895274250557,0,0
中河中路 ,69138.0,72.31912985622957,0,0
南瓦坊 ,48493.0,47.42952591095622,0,0
凤凰南苑 ,49576.0,70.59867677908666,0,0
金隅学府 ,75941.0,111.92899751122582,0,0
赞成林风和风苑 ,70787.0,88.99939254382866,0,0
复兴南苑 ,47957.0,47.959630502325,0,0
滨江新苑 ,52509.0,106.64838408653755,0,0
秋涛南苑 ,58442.0,46.19965093597071,0,0
光复路小区 ,48086.0,59.268810048662814,0,0
秋涛南苑 ,57261.0,46.27931751104591,0,0
檀香园 ,60019.0,99.96834335793665,0,0
马市街 ,49255.0,35.5293878794031,0,0
文华苑 ,55480.0,72.99927901946647,0,0
望江家园东园 ,44567.0,76.2896313415756,0,0
清怡花苑 ,41392.0,173.94665635871667,0,0
春江花月 ,63347.0,160.22858225330324,0,0
绿城蓝色钱江 ,87703.0,157.34923548795365,0,0
复兴南苑 ,48776.0,52.27980974249631,0,0
青年路小区 ,53685.0,47.499301480860574,0,0
洪福桥18号 ,44833.0,86.98949434568287,0,0
银枪新村 ,45163.0,49.819542545889334,0,0
柳浪新苑 ,72102.0,33.97963995450889,0,0
直箭道巷 ,45932.0,45.719759644692154,0,0
直箭道巷 ,44374.0,52.95893991977284,0,0
定安苑 ,72928.0,123.4093900833699,0,0
老浙大直路11-25号 ,47597.0,63.029182511502825,0,0
清泰南苑 ,47580.0,71.45859604875999,0,0
三元地 ,57054.0,70.10901952536194,0,0
望江家园西园 ,55667.0,89.81982143819498,0,0
金狮苑 ,48650.0,78.10894141829394,0,0
义井巷 ,46512.0,42.999656002751976,0,0
美政花苑 ,42470.0,61.219684483164585,0,0
复兴南苑 ,49025.0,119.93880673125956,0,0
勤远里 ,50402.0,68.4496646958454,0,0
老浙大直路11-25号 ,48179.0,61.22999647149173,0,0
积善坊巷 ,47786.0,60.05943163269577,0,0
南瓦坊 ,48388.0,77.49855336033727,0,0
春江花月 ,61974.0,161.35798883402717,0,0
大学路新村 ,44958.0,66.72894701721607,0,0
复兴东苑 ,50163.0,64.78878854932918,0,0
美政花苑 ,47455.0,77.96860183331577,0,0
春江花月 ,58773.0,149.72861688190156,0,0
金隅学府 ,81292.0,88.5696009447424,0,0
马市街 ,51160.0,58.639562157935885,0,0
中山苑 ,39510.0,146.79827891672994,0,0
近江家园二园 ,57126.0,64.41900360606378,0,0
世纪坊 ,50338.0,99.32853907584727,0,0
十亩田家园 ,44962.0,58.04901917174503,0,0
祠堂巷 ,58042.0,41.34936769925226,0,0
皮市巷 ,49058.0,67.87883729463084,0,0
木材新村 ,54450.0,58.76951331496786,0,0
断河头 ,49151.0,48.829118430957664,0,0
十三湾巷 ,54284.0,42.36975904502248,0,0
望江家园东园 ,56107.0,61.48965369739961,0,0
名珏公寓 ,66286.0,52.499773707871945,0,0
绿城蓝色钱江 ,41967.0,100.07863321180928,0,0
海运国际大厦 ,43044.0,65.0497165690921,0,0
金隆花园 ,26904.0,107.04727921498662,0,0
东方金座 ,40332.0,89.25914906277893,0,0
鼓楼花苑 ,57484.0,139.1691601141187,0,0
赞成林风和风苑 ,65918.0,204.79990290967567,0,0
凤凰北苑 ,49646.0,70.49913386778391,0,0
柳浪新苑 ,84964.0,60.849300880372866,0,0
好望角公寓 ,38236.0,135.99748927712105,0,0
世纪坊 ,54721.0,100.50985910345206,0,0
春江花月 ,60178.0,171.15889527734387,0,0
马市街 ,53692.0,59.59919541086195,0,0
严衙弄 ,48696.0,54.419254148184656,0,0
四宜路14号 ,64741.0,63.329265843901084,0,0
钱江御府 ,83427.0,89.89895357618038,0,0
万松岭路84号 ,59044.0,50.80956574757808,0,0
水岸枫庭 ,71591.0,87.99988825411015,0,0
响水坝 ,40186.0,107.74896730204549,0,0
复兴东苑 ,45223.0,60.8097649426177,0,0
复兴北苑 ,44620.0,57.149260421335725,0,0
广宇吴山鸣翠苑 ,144760.0,138.15971262779775,0,0
勤远里 ,55633.0,71.8997717182248,0,0
美政花苑 ,43495.0,82.7681342683067,0,0
十三湾巷 ,52710.0,60.70954278125593,0,0
凤凰南苑 ,54049.0,92.50864955873374,0,0
美政路 ,45067.0,74.99944527037522,0,0
直箭道巷 ,43052.0,52.95921211558116,0,0
定安苑 ,52112.0,84.0497390236414,0,0
美政花苑 ,44870.0,118.11901047470471,0,0
三元地 ,65585.0,60.98955553861401,0,0
马市街 ,41980.0,58.599333015721776,0,0
望江家园东园 ,51755.0,84.04985025601391,0,0
青年路小区 ,59594.0,51.179648957948785,0,0
春江花月 ,60727.0,161.37797026034548,0,0
太和广场 ,45074.0,158.6280338998092,0,0
近江家园六园 ,59638.0,53.489385961970555,0,0
春江花月 ,62898.0,158.98756717224714,0,0
金都华府 ,51556.0,116.37830708355962,0,0
美政花苑 ,47462.0,90.59879482533395,0,0
中山中路312-404号 ,60249.0,64.39940911882356,0,0
北落马营 ,42947.0,46.569026940182084,0,0
五柳巷 ,79347.0,50.15942631731509,0,0
陆家河头小区 ,46047.0,49.94896518774296,0,0
华龙家园 ,53051.0,94.24893027464138,0,0
春江花月 ,63939.0,203.3187882200222,0,0
翰林花园 ,51539.0,194.0278235899028,0,0
十亩田家园 ,39467.0,114.01930726936428,0,0
日信国际DOUBLE时代 ,55322.0,68.6887675789017,0,0
春江花月 ,54365.0,66.21907477237193,0,0
皮市巷 ,42481.0,35.30990325086509,0,0
华光路 ,57018.0,45.59963520291838,0,0
复兴南苑 ,42280.0,37.36991485335856,0,0
世纪坊 ,49962.0,77.05856450902687,0,0
江城路216号 ,45019.0,40.64950354294853,0,0
抚宁巷 ,44665.0,41.419455949848874,0,0
马市街 ,46842.0,37.35963451603262,0,0
保安桥河下 ,49578.0,34.28940255758602,0,0
望江新丰苑 ,49075.0,107.99796230259807,0,0
好望角公寓 ,32207.0,186.2949048343528,0,0
望江新丰苑 ,37172.0,250.18831378456903,0,0
海月花园 ,32042.0,236.5645090818301,0,0
定安苑 ,53406.0,55.798973898063885,0,0
定安苑 ,53662.0,59.25981141217249,0,0
东方金座 ,41278.0,40.69964630069286,0,0
文华苑 ,57398.0,54.879960974249975,0,0
四宜路14号 ,53381.0,61.81974859968903,0,0
劳动路 ,78469.0,31.859715301584064,0,0
黄工厂弄 ,51567.0,50.419842147109584,0,0
秋涛南苑 ,59146.0,45.64974808101985,0,0
三益里小区 ,43709.0,43.46930838042508,0,0
柴校坊 ,52755.0,59.7099800966733,0,0
南瓦坊 ,52088.0,45.499923206880666,0,0
建国南苑 ,42064.0,35.65994674781285,0,0
秋涛南苑 ,60141.0,44.229394256829785,0,0
望江新园一园 ,44844.0,60.20872357506021,0,0
涌金门社区 ,58391.0,39.38963196383004,0,0
候潮公寓 ,43203.0,39.34911927412448,0,0
凤凰南苑 ,49925.0,66.09914872308462,0,0
永宁院 ,50945.0,29.639807635685543,0,0
复兴南苑 ,46830.0,37.369207772795214,0,0
大学路新村 ,44078.0,36.29928762648033,0,0
水岸枫庭 ,83576.0,137.59931080693022,0,0
紫金观巷 ,46921.0,34.099869994245644,0,0
浣纱路 ,68941.0,55.1195950160282,0,0
定安苑 ,56893.0,45.699822473766545,0,0
山南人家 ,42782.0,45.579916787433966,0,0
保安桥河下 ,40782.0,52.71933696238536,0,0
秋涛路168号 ,50908.0,54.019014693172,0,0
名珏公寓 ,76365.0,53.689517449093174,0,0
建国南苑 ,45406.0,36.99951548253535,0,0
建国南苑 ,40426.0,37.599564636619995,0,0
南星公寓 ,47170.0,30.739877040491837,0,0
江城路216号 ,45645.0,45.569065615072844,0,0
鸥江公寓 ,70488.0,53.90988537055953,0,0
清怡花苑 ,45521.0,177.93985193646887,0,0
春江名苑 ,73408.0,163.46992153443767,0,0
清波苑 ,99067.0,208.94949882402818,0,0
绿城蓝色钱江 ,85085.0,235.05905858847035,0,0
金棕榈花园 ,39177.0,331.82734767848484,0,0
柳浪阁 ,65602.0,35.05990671016128,0,0
状元弄 ,41871.0,44.89981132526092,0,0
城隍牌楼巷 ,54556.0,54.98936872204707,0,0
江城路243号 ,42816.0,58.389387144992526,0,0
后市街 ,51960.0,32.90993071593533,0,0
福利新村 ,49714.0,52.299151144546805,0,0
紫花苑 ,47245.0,50.79902635199492,0,0
横河新村 ,38677.0,53.77873154587998,0,0
南星公寓 ,47891.0,43.849575076736755,0,0
江城路243号 ,49073.0,48.49917469891794,0,0
景江城市花园 ,41026.0,38.99965875298591,0,0
复兴南苑 ,42761.0,33.909403428357614,0,0
江城路415.417号 ,52223.0,35.99946383777263,0,0
涌金门社区 ,47765.0,39.35936355071705,0,0
绿城元福里 ,136799.0,292.3997982441392,0,0
美政花苑 ,42019.0,218.94857088459983,0,0
复兴南苑 ,43613.0,116.47903148143902,0,0
万安城市花园西苑 ,45949.0,227.42605932664475,0,0
金都华府 ,55511.0,195.99718974617645,0,0
十亩田家园 ,43802.0,52.50901785306607,0,0
东方金座 ,36192.0,43.37975243147657,0,0
万安城市花园东苑 ,45038.0,255.33993516585994,0,0
电厂二宿舍 ,49956.0,56.049323404596045,0,0
望江家园东园 ,41828.0,90.84823563163431,0,0
绿城蓝色钱江 ,43344.0,96.89922480620154,0,0
金都华府 ,49057.0,264.9978596326722,0,0
城站路小区 ,45359.0,33.06951211446461,0,0
长生路30号 ,125231.0,27.149827119483195,0,0
元华公寓 ,80959.0,154.39914030558677,0,0
春江花月 ,57904.0,272.86543243990053,0,0
海月花园 ,32821.0,194.99710551171506,0,0
定安苑 ,57975.0,45.70935748167314,0,0
姚园寺巷 ,54348.0,43.239861632442775,0,0
复兴南苑 ,45096.0,35.47986517651233,0,0
清波苑 ,82254.0,145.8895616018674,0,0
劳动路 ,80942.0,38.66966469817894,0,0
西泠花苑 ,48472.0,134.0980359795346,0,0
复兴南苑 ,44494.0,161.81957117813639,0,0
日信国际DOUBLE时代 ,52269.0,47.82949740764124,0,0
元华公寓 ,66503.0,202.99836097619655,0,0
长生路48号 ,97517.0,174.328578606807,0,0
祖庙巷45号 ,99109.0,60.53940610842608,0,0
火药局弄49号 ,54181.0,51.30949964009524,0,0
金都华府 ,51322.0,155.48887416702388,0,0
美政花苑 ,45097.0,69.84943566090871,0,0
赞成林风和风苑 ,56256.0,391.06939704209327,0,0
平海公寓 ,69989.0,154.73860178027977,0,0
平海公寓 ,65823.0,59.249806298710176,0,0
婺江家园一园 ,50871.0,81.57889563798628,0,0
景江城市花园 ,41227.0,38.80951803429791,0,0
金棕榈花园 ,41292.0,188.8985759953502,0,0
清怡花苑 ,54464.0,220.32902467685076,0,0
春江花月 ,54845.0,179.59704622116874,0,0
清波新村 ,57182.0,59.45927039977615,0,0
康都紫轩 ,53017.0,180.3195201539129,0,0
宋浇造巷 ,60216.0,398.5651654045436,0,0
近江家园二园 ,60122.0,65.6997438541632,0,0
大学路社区 ,47620.0,52.49895002099958,0,0
光复路小区 ,50559.0,35.79975869775905,0,0
万科金色城品 ,50000.0,54.0,0,0
绿城蓝色钱江 ,87632.0,330.9293408800438,0,0
蓝江公寓 ,41005.0,238.50749908547738,0,0
赞成林风沁林苑 ,71269.0,263.7893053080582,0,0
长庆里 ,39942.0,41.30989935406339,0,0
马坡巷 ,40533.0,48.108948264377176,0,0
南班巷 ,38188.0,78.55870954226458,0,0
复兴北苑 ,47081.0,47.78997897240925,0,0
康都紫轩 ,60333.0,137.5698208277394,0,0
枝头巷7-28号 ,74947.0,60.30928522822795,0,0
滨江金色家园 ,60740.0,131.70892327955218,0,0
华藏寺巷 ,42432.0,43.59917043740573,0,0
长生路30号 ,125709.0,28.239823719860947,0,0
大学路新村 ,63476.0,48.04965656311047,0,0
复兴南苑 ,43915.0,159.39883866560402,0,0
金隅学府 ,88163.0,89.03961979515216,0,0
梅花碑 ,52838.0,43.52927817101329,0,0
莫邪塘南村 ,53313.0,50.269165119201695,0,0
华藏寺巷 ,45897.0,55.559186874959146,0,0
望江新园一园 ,46502.0,88.16825082792138,0,0
望江新园一园 ,45106.0,88.67999822640003,0,0
清泰南苑 ,47087.0,132.30828041710026,0,0
绿城蓝色钱江 ,92404.0,156.91961386952946,0,0
鉴衡里 ,55657.0,71.86876763030706,0,0
水亭址22号 ,37914.0,65.93870338133671,0,0
邮电路11号 ,111759.0,30.869997047217673,0,0
春江花月 ,59098.0,167.5183593353413,0,0
直箭道巷 ,43524.0,96.4984835952578,0,0
恒丰坊 ,45910.0,119.79960792855587,0,0
未央村 ,95466.0,54.46965411769635,0,0
通江桥高层小区 ,41767.0,70.62992314506668,0,0
日信国际DOUBLE时代 ,45160.0,47.82993799822852,0,0
柴校坊 ,51081.0,59.709089485327226,0,0
马市街 ,65433.0,39.429645591673925,0,0
紫花苑 ,48575.0,47.34945959855893,0,0
清泰南苑 ,35688.0,134.49899125756556,0,0
新工新村 ,52571.0,34.619847444408514,0,0
思鑫坊 ,126604.0,118.47966888881868,0,0
横河新村 ,45444.0,40.70944459114514,0,0
南班巷 ,40394.0,39.60984304599693,0,0
新绿园 ,80100.0,137.32833957553058,0,0
万安城市花园南苑 ,46766.0,166.78783731770946,0,0
皮市巷 ,56961.0,43.88967890310914,0,0
新工新村 ,51795.0,54.05927213051453,0,0
望江府 ,78354.0,95.71942721494754,0,0
涌金门社区 ,56899.0,32.689502451712684,0,0
涌金门社区 ,50016.0,31.389955214331415,0,0
孝子坊 ,68051.0,58.779444828143596,0,0
日信国际DOUBLE时代 ,62788.0,39.1794610435115,0,0
凤凰山脚路 ,51163.0,89.90872310067823,0,0
大马弄 ,46662.0,41.78989327504179,0,0
金隆花园 ,40589.0,84.9983985808963,0,0
瑞丰格林苑 ,54992.0,142.92988070992143,0,0
断河头 ,48258.0,59.67922417008579,0,0
江枫苑 ,52137.0,116.99944377313616,0,0
万安城市花园东苑 ,50263.0,87.53954200903249,0,0
望江新丰苑 ,50026.0,116.53939951225362,0,0
复兴城市家园 ,60182.0,40.70984679804593,0,0
信余里 ,44950.0,61.17908787541713,0,0
望江新园一园 ,48429.0,88.78977472175762,0,0
复兴南苑 ,46613.0,32.17986398644155,0,0
好望角公寓 ,39990.0,186.29657414353588,0,0
春江花月 ,50800.0,161.41732283464566,0,0
金狮苑 ,45272.0,32.24951404841845,0,0
美政花苑 ,49752.0,44.21932786621643,0,0
复兴南苑 ,48330.0,47.58948893027105,0,0
紫花苑 ,49651.0,54.37956939437272,0,0
邮电路16-38号 ,73384.0,65.40935353755587,0,0
燕子弄 ,45535.0,39.96925441967717,0,0
凤凰城广场 ,25961.0,38.519317437695,0,0
中山中路279弄 ,76924.0,25.999688003743955,0,0
清泰南苑 ,57406.0,34.83956380866112,0,0
春江花月 ,68191.0,183.30864776876714,0,0
复兴南苑 ,48073.0,48.259938010941696,0,0
定安路49号 ,51852.0,80.99976857208979,0,0
青年路小区 ,50650.0,45.409674234945705,0,0
森仁里1-3号 ,45647.0,42.71912721537012,0,0
姚园寺巷 ,49988.0,41.00984236216692,0,0
凤凰城广场 ,29742.0,104.22970882926501,0,0
凤凰南苑 ,49909.0,49.08934260353844,0,0
鉴衡里 ,81356.0,29.499975416687153,0,0
钱江御府 ,65397.0,175.8490450632292,0,0
凤凰北苑 ,48752.0,102.55989497866754,0,0
光复路小区 ,42223.0,44.99917106790138,0,0
世纪坊 ,49928.0,76.10959782086204,0,0
后市街 ,53520.0,68.19880418535126,0,0
江城路415.417号 ,44973.0,46.249972205545546,0,0
凤凰城广场 ,28906.0,58.11942157337577,0,0
白塔人家 ,60136.0,73.99893574564321,0,0
永宁院 ,45552.0,32.92939936775553,0,0
马市街 ,47463.0,33.499778775045826,0,0
祠堂巷 ,55071.0,112.21877213052241,0,0
近江家园九园 ,56618.0,70.64891024055954,0,0
民安苑 ,41887.0,54.909637835127846,0,0
宋城路168号 ,55121.0,31.929754540011974,0,0
春江花月 ,60489.0,143.82780340227148,0,0
近江家园三园 ,54658.0,124.40996743386147,0,0
莫邪塘东村 ,63867.0,40.70959963674511,0,0
白塔人家 ,56506.0,70.78894276713977,0,0
凤凰南苑 ,48459.0,148.57921129202006,0,0
近江家园四园 ,60021.0,68.30942503457123,0,0
望江新园一园 ,47069.0,88.16843357623914,0,0
绿城蓝色钱江 ,45692.0,91.91981090781756,0,0
三益里小区 ,52565.0,31.389707980595453,0,0
近江家园六园 ,56760.0,70.11980267794222,0,0
紫金观巷 ,44939.0,61.63911079463272,0,0
新工新村 ,49854.0,61.57981305411803,0,0
长明寺巷小区 ,38564.0,64.0493724717353,0,0
复兴南苑 ,56690.0,48.50943729052743,0,0
在水一方公寓 ,52231.0,95.72859030077923,0,0
望江家园东园 ,54190.0,47.97933198007012,0,0
清波街84号 ,66599.0,68.31934413429632,0,0
十亩田家园 ,44754.0,52.50927291415292,0,0
太和广场 ,54929.0,215.2779042036083,0,0
江城路243号 ,41985.0,53.82874836251042,0,0
开元路小区 ,58314.0,33.43965428542031,0,0
近江家园七园 ,57046.0,87.6485643165165,0,0
望江家园西园 ,48864.0,163.71971185330713,0,0
檀香园 ,48738.0,147.7286716730272,0,0
大学路110号 ,45797.0,58.519116972727474,0,0
文华苑 ,59102.0,59.21965415721972,0,0
钱江时代公寓 ,58578.0,74.25996107753764,0,0
燕子弄 ,40801.0,51.46932673218794,0,0
春江花月 ,57674.0,159.51728681901724,0,0
光复路146-186号 ,71325.0,34.34980722046968,0,0
十亩田家园 ,52632.0,47.49962000303998,0,0
