保利霞飞郡 ,25780.0,40.729247478665634,0,0
江南摩卡 ,32641.0,101.09984375478692,0,0
回澜北园 ,23010.0,136.89700130378097,0,0
韩家弄 ,22599.0,127.43926722421347,0,0
山北新苑 ,28801.0,97.21884656782751,0,0
北干一苑 ,31155.0,75.42930508746589,0,0
崇化住宅区 ,27481.0,72.77755540191404,0,0
佳境天城成合苑 ,30119.0,282.2138849231382,0,0
绿都四季花城 ,36943.0,121.8092737460412,0,0
奥兰多小镇 ,27999.0,181.07789563912996,0,0
通和戈雅公寓 ,26323.0,148.15940432321543,0,0
华瑞晴庐 ,39727.0,89.35988118911571,0,0
明江苑 ,24764.0,118.31691164593765,0,0
奥兰多小镇 ,35143.0,82.5199897561392,0,0
佳境天城人合苑 ,34523.0,104.27830721547953,0,0
广德小区 ,30918.0,103.49957953295815,0,0
三江花园 ,25456.0,129.63544940289125,0,0
湘湖家园 ,31472.0,100.08896797153025,0,0
众安景海湾 ,28934.0,88.47722402709616,0,0
恒泰御庭园 ,28959.0,143.9966849684036,0,0
金浦明苑东区 ,27146.0,184.18919914536212,0,0
通和戈雅公寓 ,25938.0,137.63590099467962,0,0
萧山时代广场 ,25004.0,159.97440409534474,0,0
湘湖人家 ,31718.0,88.27794942934611,0,0
绿都四季华庭 ,33761.0,88.85992713485975,0,0
金帝金色钱塘 ,34391.0,130.84818702567532,0,0
威尼斯水城 ,39270.0,188.43901196842373,0,0
江南摩卡 ,29542.0,106.62785187191118,0,0
湘湖人家 ,32706.0,84.99969424570415,0,0
城北新村 ,33076.0,56.8387955012698,0,0
天海阳光地带 ,21966.0,84.67631794591641,0,0
东张家弄 ,22176.0,85.67821067821068,0,0
崇化住宅区 ,29465.0,55.998642457152556,0,0
威尼斯水城 ,27818.0,197.71371054712776,0,0
湘湖人家 ,31919.0,84.58911620038222,0,0
佳境天城成合苑 ,39189.0,141.87654699022684,0,0
美之园西区 ,23794.0,159.70412709086324,0,0
华瑞湘湖美地 ,31004.0,103.85756676557864,0,0
林之语 ,25991.0,101.95837020507099,0,0
保利霞飞郡 ,38248.0,138.56933695879522,0,0
顺发康庄 ,37016.0,86.44910309055544,0,0
中粮云涛名苑 ,34558.0,87.67868510909196,0,0
育才东苑 ,29875.0,63.59832635983263,0,0
崇化住宅区 ,29091.0,54.99982812553711,0,0
通和戈雅公寓 ,28016.0,124.92861222158767,0,0
绿城西子郁金香岸 ,24502.0,151.0080809729818,0,0
顺发美哉美城 ,56245.0,129.78931460574273,0,0
回澜北园 ,30117.0,83.00959590928711,0,0
新桥园 ,29742.0,72.28834644610315,0,0
顺发美哉美城 ,53489.0,128.99848566995084,0,0
中粮云涛名苑 ,30852.0,187.99429534552056,0,0
绿都嘉瑞华庭 ,34335.0,90.869375273045,0,0
太古广场 ,15587.0,96.23404118816963,0,0
世纪晶钻 ,24865.0,36.999798914136335,0,0
中国铁建江南国际城 ,42334.0,118.10837624604336,0,0
育才东苑 ,27992.0,114.31837667905116,0,0
江南摩卡 ,32387.0,87.99827091116806,0,0
牛脚湾住宅小区 ,30204.0,54.62852602304331,0,0
威尼斯水城 ,34515.0,86.91873098652759,0,0
体育路45号 ,28486.0,63.188934915397034,0,0
萧绍路1529号 ,24465.0,78.47946045370938,0,0
林之语 ,24270.0,139.2665842604038,0,0
育才西苑 ,28149.0,95.91814984546521,0,0
山阴小区 ,23791.0,126.09810432516498,0,0
牛脚湾住宅小区 ,29283.0,75.12891438718711,0,0
银河小区 ,32015.0,128.6896767140403,0,0
崇化住宅区 ,28366.0,72.2696185574279,0,0
北干二苑新安寓 ,27928.0,107.41907762818677,0,0
晶典公寓 ,27555.0,117.94592632915986,0,0
万和国际 ,49545.0,74.67958421636895,0,0
万和国际 ,50884.0,74.67966354846317,0,0
美之园西区 ,26364.0,147.92899408284023,0,0
金帝金色钱塘 ,38262.0,109.76948408342481,0,0
通和戈雅公寓 ,30933.0,95.36740697636829,0,0
滨水名庭 ,26141.0,89.89709651505298,0,0
高运学林尚苑 ,32934.0,160.9279164389385,0,0
顺发堤香 ,38543.0,137.50875645383078,0,0
湖畔宽邸 ,24655.0,243.3583451632529,0,0
红枫小区 ,32044.0,82.69878916489826,0,0
知稼苑 ,31817.0,179.14951126756137,0,0
郁家弄 ,23892.0,127.65779340364976,0,0
半岛花园 ,29465.0,167.99592737145767,0,0
绿城西子郁金香岸 ,26349.0,159.39883866560402,0,0
华瑞湘湖美地 ,29878.0,133.20838074837673,0,0
佳境天城境合苑 ,35485.0,152.1769761871213,0,0
三江花园 ,25353.0,134.10641738650259,0,0
育才东苑 ,27914.0,106.75646628931719,0,0
林之语 ,27931.0,98.45691167519959,0,0
华瑞湘湖美地 ,31982.0,103.8083922206241,0,0
华瑞湘湖美地 ,33998.0,123.5366786281546,0,0
中栋国际 ,34000.0,75.0,0,0
西河公寓 ,23416.0,128.11752647762214,0,0
东门公寓 ,24972.0,140.15697581291045,0,0
君悦丽景 ,31999.0,139.06684583893247,0,0
银河小区 ,32982.0,136.4380571220666,0,0
横石板弄 ,27607.0,94.17901256927591,0,0
美之园东区 ,26988.0,123.01763746850452,0,0
北干一苑 ,29832.0,107.26736390453205,0,0
通惠丽港 ,29550.0,115.05922165820643,0,0
金帝金色钱塘 ,38817.0,136.5381147435402,0,0
崇化住宅区 ,26289.0,57.05808513066302,0,0
通和戈雅公寓 ,26882.0,137.638568558887,0,0
潘水苑 ,29518.0,94.85737516091876,0,0
林之语 ,27326.0,102.4665154065725,0,0
杭齿宿舍 ,22188.0,63.99855777897963,0,0
保利霞飞郡 ,42616.0,89.16838746010887,0,0
通和戈雅公寓 ,27408.0,134.99708114419147,0,0
顺发和美家 ,61762.0,92.28975745604093,0,0
广仁小区 ,27976.0,125.10723477266228,0,0
保利霞飞郡 ,39131.0,137.99800669545886,0,0
中国铁建青秀城 ,44758.0,89.36949819026766,0,0
心怡花园 ,24943.0,160.36563364470993,0,0
佳境天城佳合苑 ,60206.0,152.80869016377105,0,0
湘湖家园 ,30266.0,120.59736998612304,0,0
沁茵园 ,29964.0,132.8260579361901,0,0
绿都玫瑰苑 ,24904.0,180.69386443944748,0,0
德圣博奥城 ,47240.0,92.92972057578324,0,0
三江花园 ,22112.0,194.46454413892909,0,0
金帝金色钱塘 ,33976.0,132.44643277607724,0,0
众安景海湾 ,29300.0,156.9965870307167,0,0
东张家弄 ,25077.0,78.15926945009372,0,0
南峰公寓 ,27129.0,90.30926315013454,0,0
江南摩卡 ,26772.0,126.99835649185717,0,0
南岸花城 ,24356.0,139.5959927738545,0,0
北干一苑 ,30556.0,107.99842911375835,0,0
威尼斯水城 ,34995.0,94.29918559794257,0,0
潘水苑 ,28296.0,139.5957025728018,0,0
绿茵园小区 ,29352.0,131.16653038975198,0,0
中国铁建江南国际城 ,48489.0,87.64874507620284,0,0
万和国际 ,46990.0,138.3273036816344,0,0
江南摩卡 ,33646.0,102.53819176127921,0,0
三江花园 ,29895.0,130.45659809332665,0,0
凯丽晶座 ,25065.0,57.849591063235586,0,0
憬天国际名座 ,17592.0,183.03774442928605,0,0
威尼斯水城 ,30807.0,188.26889992534166,0,0
通和戈雅公寓 ,26179.0,190.99278047289812,0,0
德意空港国际 ,27228.0,132.21683561040106,0,0
顺发康庄 ,37932.0,86.99778551091427,0,0
三江花园 ,26729.0,114.10827191440009,0,0
开元广场 ,28373.0,84.58745990906849,0,0
开元广场 ,27825.0,82.65947888589398,0,0
奥兰多小镇 ,27945.0,164.6090534979424,0,0
众安景海湾 ,26042.0,138.23823055064895,0,0
恒泰御庭园 ,30234.0,138.91645167692002,0,0
银河小区 ,29312.0,129.63973799126637,0,0
三江花园 ,27277.0,113.64886167833706,0,0
永泰名苑 ,30237.0,59.52971524952872,0,0
德圣博奥城 ,44013.0,86.33812737145843,0,0
潘水苑 ,27946.0,91.2474057110141,0,0
滨水名庭 ,29906.0,86.93907577074835,0,0
广宁小区 ,31093.0,75.5797124754768,0,0
绿城西子郁金香岸 ,32538.0,138.29983404019916,0,0
滨水名庭 ,30000.0,90.53333333333333,0,0
绿城西子郁金香岸 ,32654.0,97.9971825810008,0,0
苏黎士小镇 ,39184.0,216.92527562270314,0,0
金地天逸 ,43614.0,160.49892236437842,0,0
北干一苑 ,27537.0,111.84951156625631,0,0
中栋国际 ,21179.0,56.65989895651353,0,0
城中花园 ,39578.0,113.6995300419425,0,0
金浦明苑东区 ,36810.0,162.99918500407497,0,0
金昌春和钱塘 ,50232.0,123.0291447682752,0,0
湘湖人家 ,25900.0,138.996138996139,0,0
金帝金色钱塘 ,30925.0,261.92400970088926,0,0
富丽花园 ,27976.0,99.72833857592222,0,0
恒泰御庭园 ,30897.0,144.99789623588052,0,0
湖畔宽邸 ,24712.0,242.79702168986728,0,0
萧然人家 ,26374.0,181.99742170319254,0,0
美之园西区 ,29703.0,100.999899000101,0,0
金帝金色钱塘 ,40529.0,90.05897012016088,0,0
回澜南园 ,32613.0,78.18967896237696,0,0
顺发旺角城 ,44316.0,143.28910551493817,0,0
绿城西子郁金香岸 ,29232.0,177.8872468527641,0,0
南江商业中心 ,20308.0,64.99901516643688,0,0
金帝柠檬公寓 ,28884.0,94.16978257859023,0,0
保利霞飞郡 ,34320.0,160.25641025641025,0,0
潘水苑 ,25653.0,136.4362842552528,0,0
金马同盛 ,28852.0,168.099265215583,0,0
绿都四季花城 ,36542.0,218.9261671501286,0,0
发展公寓 ,20909.0,138.69625520110958,0,0
佳境天城佳合苑 ,43684.0,171.6875743979489,0,0
潘水南苑 ,26730.0,155.2562663673775,0,0
华瑞湘湖美地 ,33871.0,123.99988190487437,0,0
林之语 ,23189.0,206.99469576092113,0,0
红枫小区 ,27880.0,144.1893830703013,0,0
湖畔宽邸 ,32000.0,210.0,0,0
新世纪广场 ,25031.0,115.85633814070553,0,0
晶典公寓 ,28559.0,136.5594033404531,0,0
金瑞大厦 ,28347.0,162.2746675133171,0,0
中新御景湾 ,27267.0,135.69516265082333,0,0
湘湖人家 ,26825.0,117.42777260018639,0,0
顺发堤香 ,45069.0,88.30903725398832,0,0
通和戈雅公寓 ,28986.0,137.99765403988133,0,0
江寺路79号 ,36189.0,33.15924728508663,0,0
绿城西子郁金香岸 ,31885.0,137.99592284773405,0,0
众安景海湾 ,31122.0,89.9685110211426,0,0
商城东苑 ,28018.0,85.65921907345277,0,0
嘉富广场 ,20828.0,134.43441521029382,0,0
美之园东区 ,29572.0,128.49993236845665,0,0
湘湖人家 ,25900.0,138.996138996139,0,0
林之语 ,26038.0,117.1364928181888,0,0
湘湖人家 ,32822.0,85.30863445250137,0,0
蹓跶公寓 ,27789.0,80.96728921515708,0,0
中国铁建青秀城 ,41574.0,88.99793139943233,0,0
阳光城上府 ,35326.0,89.16945026326219,0,0
高运莱茵传奇 ,41205.0,118.91760708651863,0,0
光明尚海湾 ,31819.0,87.9977372010434,0,0
广德小区 ,28556.0,91.04916654993697,0,0
中誉现代城 ,35431.0,35.27983968840846,0,0
宁安大厦 ,15510.0,119.27788523533205,0,0
萧山宝龙城市广场 ,21109.0,39.31972144582879,0,0
商城花园 ,62514.0,239.94625203954314,0,0
恒泰御庭园 ,36003.0,188.59539482820875,0,0
华瑞湘湖美地 ,30847.0,135.50750478166435,0,0
威尼斯水城 ,30094.0,186.41589685651624,0,0
恒泰御庭园 ,27996.0,188.59837119588514,0,0
顺发康庄 ,33356.0,89.93884158772035,0,0
林之语 ,26590.0,172.99736743136518,0,0
潘水苑 ,26278.0,144.60765659487024,0,0
湘湖人家 ,27931.0,121.72854534388314,0,0
保利霞飞郡 ,39000.0,160.25641025641025,0,0
顺发康庄 ,31929.0,159.72939960537443,0,0
佳境天城成合苑 ,42070.0,142.61944378416925,0,0
科尔南城嘉园 ,21956.0,168.5188558936054,0,0
德信泊林春天 ,41898.0,119.33743854121916,0,0
华瑞晴庐 ,38639.0,89.28802505240819,0,0
萧山宝龙城市广场 ,23500.0,40.0,0,0
佳境天城天合苑 ,32948.0,218.52616243778075,0,0
永泰名苑 ,28283.0,49.499699466110386,0,0
中栋国际 ,18304.0,44.79895104895105,0,0
海杰德大厦 ,20185.0,40.128808521179096,0,0
金浦明苑西区 ,26002.0,239.21236827936312,0,0
美之园西区 ,30943.0,137.99566945674303,0,0
郡望府 ,31219.0,89.688971459688,0,0
颐和花园 ,27786.0,152.95472540128122,0,0
港汇中心 ,24246.0,129.91833704528582,0,0
正元都市阳光 ,20000.0,142.7,0,0
通和戈雅公寓 ,34621.0,115.53681291701568,0,0
通和戈雅公寓 ,30901.0,93.84809553088897,0,0
唐家弄 ,23530.0,67.99830004249894,0,0
奥兰多小镇 ,34452.0,54.56867525833043,0,0
顺发和美家 ,64675.0,89.67916505604948,0,0
龙湖旭辉春江悦茗 ,53363.0,89.9499653317842,0,0
萧山宝龙城市广场 ,22322.0,40.31896783442344,0,0
中栋国际 ,36216.0,88.35873647006848,0,0
顺发恒园 ,46906.0,89.17835671342685,0,0
通和戈雅公寓 ,28273.0,190.99494217097583,0,0
众安恒隆广场 ,28343.0,59.97953639346576,0,0
泰和花园 ,31641.0,127.99848298094244,0,0
通和戈雅公寓 ,30547.0,109.66707041608014,0,0
三江花园 ,26541.0,143.1747108247617,0,0
绿城西子郁金香岸 ,26489.0,151.0060779946393,0,0
林之语 ,27315.0,107.99926780157422,0,0
潘水苑 ,25871.0,114.02728924278149,0,0
湘湖家园 ,42874.0,60.40957223492093,0,0
林之语 ,30222.0,89.33889219773675,0,0
绿城西子郁金香岸 ,31123.0,97.99826494875173,0,0
顺发恒园 ,50494.0,88.12928268705193,0,0
银河小区 ,31285.0,153.4281604602845,0,0
汇宇花园 ,42499.0,294.12456763688556,0,0
滨江东方海岸 ,42854.0,89.83992159425024,0,0
丽晶国际 ,50117.0,150.04888560767805,0,0
金瑞大厦 ,20312.0,42.339503741630566,0,0
中栋国际 ,19415.0,56.657223796033996,0,0
南江商业中心 ,17683.0,67.29627325680032,0,0
绿城西子郁金香岸 ,44786.0,290.2692805787523,0,0
得力新和人家 ,23070.0,120.06935413957521,0,0
幸福时代公寓 ,30272.0,125.52854122621565,0,0
南岸花城 ,22531.0,168.65651768674272,0,0
中国铁建江南国际城 ,48462.0,88.72931368907598,0,0
众安景海湾 ,20613.0,194.05229709406686,0,0
天地墅园 ,23847.0,259.9907745209041,0,0
憬天国际名座 ,20229.0,181.91704978001877,0,0
汇通大厦 ,25079.0,107.65979504764942,0,0
大成名座 ,20316.0,140.28352037802716,0,0
金地德圣中心 ,22322.0,49.278738464295316,0,0
众安景海湾 ,28986.0,137.99765403988133,0,0
绿都四季花城 ,30154.0,182.39702858658885,0,0
金帝柠檬公寓 ,29621.0,101.27949765369164,0,0
永泰名苑 ,32143.0,83.99962666832592,0,0
开元加州阳光小区 ,28197.0,191.5097350781998,0,0
通和戈雅公寓 ,30008.0,133.29778725673154,0,0
湘湖人家 ,27084.0,119.99704622655442,0,0
通和戈雅公寓 ,28311.0,95.36929108826958,0,0
通和戈雅公寓 ,32489.0,93.87792791406322,0,0
金城花园 ,23606.0,126.23909175633314,0,0
育才东苑 ,34615.0,57.778419760219556,0,0
育才东苑 ,34615.0,57.778419760219556,0,0
半岛花园 ,38475.0,87.84925276153346,0,0
湘湖人家 ,28334.0,119.99717653702265,0,0
金昌春和钱塘 ,56003.0,85.70969412352909,0,0
西湘公寓 ,30998.0,101.61945931995612,0,0
奥兰多小镇 ,33764.0,100.6989693164317,0,0
西山公寓 ,22409.0,122.7185505823553,0,0
奥兰多小镇 ,31065.0,104.61934653146628,0,0
北干二苑 ,31819.0,90.19768063106949,0,0
通达小区 ,32404.0,66.34983335390693,0,0
新白马公寓 ,36497.0,136.9975614434063,0,0
江南摩卡 ,32668.0,88.15966695236929,0,0
馨星大厦 ,28979.0,43.47976120639083,0,0
萧山宝龙城市广场 ,22322.0,40.31896783442344,0,0
顺发和美家 ,58638.0,88.67969576042839,0,0
永泰名苑 ,29580.0,49.01960784313726,0,0
世纪晶钻 ,26952.0,46.37874740279015,0,0
二棉路 ,28874.0,62.3398212925123,0,0
众安花园 ,33189.0,137.99752930187714,0,0
金马同盛 ,18862.0,286.2898950270385,0,0
高运莱茵传奇 ,42326.0,88.59802485469923,0,0
绿都玫瑰苑 ,24947.0,140.29743055277189,0,0
山北新苑 ,30682.0,87.99947852160876,0,0
绿都四季花城 ,29606.0,182.39546037965277,0,0
华瑞湘湖美地 ,32408.0,107.99802517896815,0,0
林之语 ,19781.0,232.54638289267479,0,0
蹓跶公寓 ,28736.0,80.03897550111358,0,0
金昌春和钱塘 ,51306.0,85.75995010330176,0,0
佳境天城佳合苑 ,37473.0,114.74928615269661,0,0
美之园西区 ,28104.0,115.99772274409337,0,0
文化路89号 ,22758.0,113.36672818349591,0,0
通和戈雅公寓 ,28191.0,145.4364868220354,0,0
城中花园 ,29000.0,168.0,0,0
众安景海湾 ,26758.0,138.27640331863367,0,0
江南摩卡 ,27682.0,130.0484069070154,0,0
通和戈雅公寓 ,28854.0,166.35475150758992,0,0
美之园西区 ,25363.0,137.99629381382329,0,0
金昌春和钱塘 ,50334.0,85.429332061827,0,0
湘湖人家 ,25597.0,121.10794233699262,0,0
城中花园 ,30000.0,151.0,0,0
高桥小区 ,31667.0,59.99936842770076,0,0
银河小区 ,35034.0,83.9184791916424,0,0
万和国际 ,50658.0,75.99984207825023,0,0
金地天逸 ,46383.0,162.1283659961624,0,0
湘湖家园 ,25124.0,141.2991561853208,0,0
水曲弄 ,31939.0,59.4883997620464,0,0
德圣博奥城 ,43308.0,88.89812505772605,0,0
林之语 ,26406.0,128.75861546618194,0,0
仙潭里 ,32889.0,51.68901456413999,0,0
中国铁建青秀城 ,50421.0,89.24852739929791,0,0
中国铁建青秀城 ,41574.0,88.99793139943233,0,0
江南摩卡 ,28065.0,131.83680741136646,0,0
银河小区 ,35715.0,80.63838723225535,0,0
丽华公寓 ,22400.0,125.0,0,0
金帝金色钱塘 ,33511.0,137.26835964310226,0,0
顺发恒园 ,55600.0,88.12949640287769,0,0
君悦丽景 ,34102.0,139.28801829804704,0,0
华瑞湘湖美地 ,32423.0,129.53767387348486,0,0
通和戈雅公寓 ,26882.0,137.638568558887,0,0
新白马公寓 ,39948.0,98.87854210473616,0,0
崇化住宅区 ,27954.0,53.659583601631255,0,0
崇化住宅区 ,26144.0,76.49938800489596,0,0
华瑞晴庐 ,42558.0,89.28991024014286,0,0
广德小区 ,30707.0,87.92783404435471,0,0
华瑞晴庐 ,33320.0,118.54741896758703,0,0
绿城西子郁金香岸 ,33367.0,101.89708394521533,0,0
佳境天城成合苑 ,40594.0,113.31723900083756,0,0
二棉路 ,31752.0,59.83875031494079,0,0
万和国际 ,46673.0,98.55805283568658,0,0
湘湖人家 ,32559.0,85.99772720292393,0,0
高桥小区 ,30000.0,96.0,0,0
佳境天城境合苑 ,61891.0,53.319545652841285,0,0
顺发美哉美城 ,64714.0,81.5897641932194,0,0
华瑞湘湖美地 ,32019.0,108.99778256660107,0,0
华瑞晴庐 ,33087.0,151.11675280321577,0,0
顺发恒园 ,54269.0,89.36962169931269,0,0
鸿兴城巧克力公馆 ,17074.0,81.99601733630081,0,0
南江商业中心 ,17143.0,52.499562503645805,0,0
江南明城金座 ,20763.0,40.93820738814237,0,0
众安嘉润公馆 ,31929.0,63.578564940962764,0,0
顺发和美家 ,37454.0,173.5462166924761,0,0
三江花园 ,25000.0,140.0,0,0
林之语 ,26838.0,102.46665176242641,0,0
绿都湖滨花园 ,34511.0,183.99930456955752,0,0
恒大帝景 ,26782.0,104.54783063251438,0,0
中新御景湾 ,26211.0,189.99656632711458,0,0
顺发康庄 ,30529.0,77.95866225556028,0,0
科尔世纪外滩 ,29479.0,88.1983785067336,0,0
瀚府 ,27433.0,111.17996573469908,0,0
华瑞晴庐 ,37975.0,86.899275839368,0,0
育秀园 ,23292.0,157.99416108535118,0,0
威尼斯水城 ,30031.0,109.88645066764343,0,0
蹓跶公寓 ,25613.0,80.0374809666966,0,0
众安景海湾 ,28869.0,138.55692957844053,0,0
蹓跶公寓 ,27500.0,80.0,0,0
南岸花城 ,23760.0,138.88888888888889,0,0
林之语 ,23815.0,139.82783959689272,0,0
绿城西子郁金香岸 ,31039.0,125.64837784722447,0,0
美之园东区 ,24838.0,144.93920605523795,0,0
科尔南城嘉园 ,23189.0,137.9964638406141,0,0
三江花园 ,32968.0,90.99733074496481,0,0
众安景海湾 ,27503.0,156.34658037305022,0,0
中国铁建青秀城 ,44758.0,89.36949819026766,0,0
北干一苑 ,30758.0,92.65882046947135,0,0
恒泰御庭园 ,28949.0,162.3544854744551,0,0
众安嘉润公馆 ,33030.0,63.578564940962764,0,0
华瑞湘湖美地 ,28390.0,281.78936245156746,0,0
顺发康庄 ,31396.0,122.62708625302587,0,0
颐和花园 ,27020.0,150.99925980754998,0,0
郡望府 ,27729.0,108.18998160770313,0,0
新世界柏丽轩 ,13865.0,68.51785070320952,0,0
香山四季公馆 ,17757.0,81.65793771470406,0,0
南江商业中心 ,96602.0,11.179892755843564,0,0
江南摩卡 ,31200.0,125.0,0,0
科尔世纪外滩 ,28850.0,88.38821490467937,0,0
万科大家世纪之光 ,46032.0,125.99930483142163,0,0
中国铁建青秀城 ,38760.0,128.99896800825593,0,0
中国铁建江南国际城 ,44784.0,120.57877813504822,0,0
中国铁建青秀城 ,56180.0,88.99964400142399,0,0
金马名仕园 ,28663.0,156.99682517531312,0,0
林之语 ,31291.0,92.67840593141798,0,0
通和戈雅公寓 ,28428.0,123.11805262417334,0,0
通和戈雅公寓 ,29294.0,136.5467331194101,0,0
湘湖家园 ,29949.0,122.2077531804067,0,0
通和戈雅公寓 ,27265.0,150.37593984962405,0,0
明华明辉花园 ,22071.0,165.3753794572063,0,0
通和戈雅公寓 ,32938.0,145.72833808974437,0,0
奥兰多小镇 ,32364.0,101.34717587442837,0,0
阳光华庭 ,26795.0,154.8796417242023,0,0
原野汽配城 ,12993.0,206.26491187562533,0,0
银河小区 ,26850.0,143.38919925512104,0,0
科尔南城嘉园 ,27543.0,117.99731329194351,0,0
中粮云涛名苑 ,35616.0,126.3477088948787,0,0
奥兰多小镇 ,30158.0,130.9768552291266,0,0
潘水南苑 ,29083.0,137.5373929787161,0,0
中粮云涛名苑 ,34832.0,88.99862195682131,0,0
科尔南城嘉园 ,24276.0,137.99637502059647,0,0
金帝金色钱塘 ,35181.0,139.27972485148234,0,0
新安园 ,30225.0,96.6087675765095,0,0
通和戈雅公寓 ,26207.0,144.99942763383828,0,0
发展公寓 ,24083.0,137.02611800855374,0,0
三江花园 ,28988.0,127.63902304401822,0,0
德圣博奥城 ,43405.0,88.69945858772031,0,0
金域兰庭 ,31278.0,89.51979026791994,0,0
南岸花城 ,23742.0,138.9941875157948,0,0
广德小区 ,33312.0,46.529779058597505,0,0
高桥小区 ,32814.0,74.96800146279027,0,0
高桥小区 ,34863.0,61.66996529271721,0,0
万科金辰之光 ,52762.0,89.07926158978053,0,0
三江花园 ,28030.0,139.13663931501964,0,0
德信泊林春天 ,33746.0,88.89942511705091,0,0
三水一生 ,22620.0,125.9946949602122,0,0
华瑞湘湖林语 ,30770.0,129.99675008124797,0,0
绿都御景蓝湾 ,29214.0,88.99842541247347,0,0
嘉利公寓 ,34836.0,45.92949822023194,0,0
韩家弄 ,28821.0,92.9877519863988,0,0
天海阳光地带 ,20704.0,113.98763523956724,0,0
光明尚海湾 ,31134.0,88.3278730648166,0,0
众安朝阳8号 ,35956.0,88.99766381132495,0,0
众安朝阳8号 ,36418.0,87.86863638859904,0,0
金昌春和钱塘 ,54086.0,86.8986429020449,0,0
林之语 ,32325.0,72.69914926527456,0,0
江南明城 ,21417.0,135.40645281785498,0,0
保利霞飞郡 ,59904.0,283.7873931623932,0,0
众安嘉润公馆 ,36535.0,260.02463391268645,0,0
中栋国际 ,19335.0,51.719679337988104,0,0
顺发康庄 ,28992.0,127.96633554083886,0,0
众安景海湾 ,26985.0,138.59551602742263,0,0
半岛花园 ,35411.0,84.71943746293525,0,0
龙湖旭辉春江悦茗 ,51857.0,89.66966851148351,0,0
崇化住宅区 ,28688.0,66.2297824874512,0,0
金地天逸 ,45882.0,89.35966174098775,0,0
金域三江 ,26501.0,98.10950530168672,0,0
科尔南城嘉园 ,28852.0,86.64910578122834,0,0
周家河头 ,30424.0,108.4669997370497,0,0
汇宇花园 ,25917.0,154.33885094725468,0,0
之江绿洲嘉园 ,34178.0,153.60758382585288,0,0
梅和名府 ,24510.0,152.99877600979192,0,0
开元加州阳光小区 ,18160.0,40.198237885462554,0,0
丽晶国际 ,31000.0,146.1290322580645,0,0
中誉现代城 ,28632.0,61.46968426934898,0,0
绿城丁香公馆 ,22242.0,115.99676288103588,0,0
顺发和美家 ,61091.0,90.02962793210129,0,0
顺发美哉美城 ,57535.0,116.7984704962197,0,0
发展公寓 ,23000.0,138.69565217391303,0,0
明华明辉花园 ,19466.0,207.02763793280593,0,0
恒大帝景 ,30657.0,136.9997064292005,0,0
中国铁建江南国际城 ,39458.0,139.38871711693446,0,0
顺发和美家 ,56857.0,89.69871783597446,0,0
郡望府 ,29442.0,108.6882684600231,0,0
金地天逸 ,38576.0,232.78722521775197,0,0
顺发堤香 ,41174.0,133.57944333802885,0,0
泰和花园 ,31965.0,157.35961207570782,0,0
顺发美哉美城 ,67591.0,88.76921483629478,0,0
金地天逸 ,42133.0,232.59677687323475,0,0
中誉现代城 ,31215.0,35.23946820438891,0,0
绿都嘉华公馆 ,19407.0,117.99866027721956,0,0
林之语 ,24993.0,128.03585003801064,0,0
通和戈雅公寓 ,31424.0,93.87729124236253,0,0
顺发和美家 ,60942.0,90.24974565980769,0,0
通和戈雅公寓 ,29358.0,108.99925063015192,0,0
君悦丽景 ,35715.0,46.479070418591625,0,0
君悦丽景 ,29055.0,149.7160557563242,0,0
金帝金色钱塘 ,32958.0,121.36658777838461,0,0
保利霞飞郡 ,25520.0,52.89968652037618,0,0
中誉万豪广场 ,28873.0,88.31780556229003,0,0
江南明城 ,17862.0,162.3558392117344,0,0
南江商业中心 ,24000.0,50.0,0,0
佳境天城天合苑 ,27207.0,238.9091042746352,0,0
郡望府 ,28389.0,125.04843425270352,0,0
绿都玫瑰苑 ,22081.0,180.6983379375934,0,0
德圣博奥城 ,50483.0,111.91886377592456,0,0
金帝高新科技广场 ,21029.0,213.99020400399448,0,0
高运学林尚苑 ,48320.0,93.12913907284768,0,0
湖畔宽邸中央郡 ,24177.0,206.80812342308806,0,0
西河公寓 ,23316.0,120.08920912677989,0,0
林之语 ,22205.0,237.78428281918488,0,0
恒大帝景 ,32728.0,137.49694451234416,0,0
金昌春和钱塘 ,46796.0,90.17864774767074,0,0
众安景海湾 ,27968.0,137.1567505720824,0,0
金马公寓 ,27962.0,102.99692439739647,0,0
万和国际 ,46429.0,97.9990953929656,0,0
德信泊林春天 ,35090.0,106.86805357651753,0,0
中栋国际 ,39968.0,86.56925540432346,0,0
新惠名苑 ,26975.0,117.88693234476366,0,0
滨江东方海岸 ,37641.0,88.99869822799607,0,0
科尔世纪外滩 ,26987.0,138.95579353021824,0,0
三江花园 ,30600.0,90.84967320261438,0,0
佳境天城佳合苑 ,39973.0,102.06889650514097,0,0
万科金辰之光 ,50430.0,80.30933967876264,0,0
永泰名苑 ,29091.0,82.49974218830566,0,0
金域兰庭 ,22441.0,126.99968807094157,0,0
绿城丁香公馆 ,23804.0,168.03898504453034,0,0
金域兰庭 ,28090.0,88.99964400142399,0,0
金昌春和钱塘 ,57327.0,87.21893697559614,0,0
美之园东区 ,30653.0,100.47956154373145,0,0
湖畔公寓 ,24590.0,108.98739324928833,0,0
中粮云涛名苑 ,34118.0,84.9991206987514,0,0
三江花园 ,29121.0,90.9996222657189,0,0
佳境天城人合苑 ,38359.0,104.27800516176126,0,0
通和戈雅公寓 ,30216.0,138.99920571882447,0,0
金城花园 ,24487.0,128.63968636419324,0,0
育才西苑 ,28252.0,84.94973807164095,0,0
万众名府 ,30332.0,107.14756692601873,0,0
半岛花园 ,35411.0,84.71943746293525,0,0
高桥小区 ,32031.0,56.81995566794668,0,0
花城名苑 ,25920.0,102.23765432098766,0,0
众安朝阳8号 ,33637.0,109.99791895828997,0,0
威尼斯水城 ,33595.0,98.22890311058192,0,0
众安国泰花园 ,25973.0,248.33480922496437,0,0
摩卡商务馆 ,14045.0,53.399786400854396,0,0
苏黎士小镇 ,27465.0,283.99781540142,0,0
恒逸南岸明珠 ,22040.0,136.11615245009074,0,0
中栋国际 ,24488.0,55.129042796471744,0,0
众安嘉润公馆 ,32324.0,49.498824402920434,0,0
顺发康庄 ,28598.0,122.38618085180782,0,0
顺发恒园 ,48428.0,88.37862393656562,0,0
通和戈雅公寓 ,27623.0,126.70600586467799,0,0
北干二苑 ,29960.0,137.5166889185581,0,0
城河公寓 ,26718.0,130.99782917883076,0,0
高桥小区 ,30076.0,66.49820454847719,0,0
林之语 ,27845.0,161.60890644639971,0,0
保利霞飞郡 ,44061.0,87.37886112435034,0,0
汇宇花园 ,27650.0,151.8987341772152,0,0
中国铁建江南国际城 ,44944.0,88.99964400142399,0,0
金昌春和钱塘 ,52385.0,127.89920778848906,0,0
融创印时代 ,30453.0,78.80996946113683,0,0
回澜北园 ,32919.0,57.10987575564264,0,0
泰和花园 ,29508.0,165.37888030364647,0,0
北干一苑 ,30652.0,120.70990473704815,0,0
中国铁建江南国际城 ,41008.0,138.997268825595,0,0
通和戈雅公寓 ,32099.0,161.99881616249726,0,0
湘湖人家 ,27648.0,118.99594907407408,0,0
美之园东区 ,36676.0,136.3289344530483,0,0
开元名郡 ,31262.0,137.54718188215725,0,0
林之语 ,23000.0,150.0,0,0
华瑞晴庐 ,39418.0,150.9462682023441,0,0
育秀园 ,26583.0,157.99571154497235,0,0
育才西苑 ,32179.0,93.22850306100251,0,0
开元广场 ,33864.0,242.1450507914009,0,0
科尔世纪外滩 ,31678.0,110.48677315487089,0,0
南江商业中心 ,13724.0,65.5785485281259,0,0
中栋国际 ,21177.0,42.49893752656184,0,0
摩卡商务馆 ,16280.0,38.697788697788695,0,0
萧山宝龙城市广场 ,25396.0,33.46983776972752,0,0
隐龙湾 ,15836.0,55.569588279868654,0,0
华瑞中心 ,27805.0,82.7189354432656,0,0
林之语 ,24917.0,132.4396998033471,0,0
幸福时代公寓 ,31012.0,119.30865471430414,0,0
万科大家世纪之光 ,52594.0,125.4895995740959,0,0
高运锦园 ,26725.0,231.99251637043966,0,0
中栋国际 ,22948.0,56.649816977514384,0,0
憬天国际名座 ,15218.0,45.998160073597056,0,0
众安恒隆广场 ,20358.0,56.48884959229787,0,0
馨星大厦 ,32521.0,43.47959779834569,0,0
萧山宝龙城市广场 ,23000.0,40.0,0,0
中栋国际 ,21269.0,51.71846349146645,0,0
保利霞飞郡 ,25479.0,66.32913379645983,0,0
广和公寓 ,32000.0,48.0,0,0
嘉利公寓 ,31398.0,44.58882731384165,0,0
中誉万豪广场 ,19646.0,134.88750890766568,0,0
绿都百瑞广场 ,25647.0,48.73864389597224,0,0
正元都市阳光 ,18272.0,125.87565674255691,0,0
众安嘉润公馆 ,30616.0,64.99869349359813,0,0
海杰德大厦 ,19847.0,49.377739708772104,0,0
众安嘉润公馆 ,31101.0,62.69894858686216,0,0
江南明城 ,21056.0,130.60410334346506,0,0
商城西村 ,27244.0,91.02921744237263,0,0
顺发美哉美城 ,64000.0,75.0,0,0
金昌春和钱塘 ,53895.0,86.27887559142778,0,0
恒大帝景 ,38924.0,89.9188161545576,0,0
永泰名苑 ,26945.0,48.98868064575988,0,0
得力名望府 ,27335.0,89.62868117797696,0,0
山阴小区 ,41875.0,44.17910447761194,0,0
育才东苑 ,29606.0,151.99621698304398,0,0
绿都湖滨花园 ,80295.0,273.98966311725513,0,0
发展公寓 ,30562.0,111.24926379163668,0,0
星河景庭公寓 ,32521.0,153.74680975369762,0,0
威尼斯水城 ,31204.0,188.4373798230996,0,0
美之园西区 ,31860.0,131.19899560577528,0,0
萧山宝龙城市广场 ,25396.0,33.46983776972752,0,0
萧山宝龙城市广场 ,21082.0,40.318755336305856,0,0
东信莱茵园 ,32252.0,153.47885402455663,0,0
绿都四季华庭 ,30338.0,88.99729711912453,0,0
万商汇综合楼 ,20767.0,43.33798815428324,0,0
香山四季公馆 ,16562.0,87.5498128245381,0,0
湘湖九号 ,28926.0,48.39936389407453,0,0
湘湖九号 ,32265.0,48.03967147063381,0,0
萧山宝龙城市广场 ,23066.0,40.319084366600194,0,0
佳境天城境合苑 ,58140.0,53.31957344341245,0,0
殿下路 ,10137.0,65.10802012429713,0,0
科尔世纪外滩 ,30410.0,113.44952318316344,0,0
泰和花园 ,31197.0,128.21745680674425,0,0
东旸桥公寓 ,28152.0,72.81898266552999,0,0
郡望府 ,28072.0,89.76916500427473,0,0
泰和花园 ,30273.0,137.0858520794107,0,0
顺发江南丽锦 ,46053.0,127.02755520812977,0,0
众安朝阳8号 ,37608.0,109.01935758349288,0,0
红友桥路199号 ,11052.0,61.52732537097358,0,0
顺发康庄 ,33867.0,74.99926181828918,0,0
华瑞湘湖美地 ,27446.0,284.19441813014646,0,0
名仁家园 ,36380.0,140.18691588785046,0,0
中栋国际 ,16944.0,56.657223796033996,0,0
狮子桥弄 ,31957.0,43.80886816659887,0,0
萧山宝龙城市广场 ,24921.0,78.24726134585289,0,0
新世界柏丽轩 ,15442.0,67.99637352674524,0,0
新世界柏丽轩 ,14913.0,67.0555890833501,0,0
众安嘉润公馆 ,31163.0,64.49956679395437,0,0
潘水苑 ,29080.0,89.40852819807428,0,0
中新御景湾 ,30081.0,89.7576543333001,0,0
横石板弄 ,31297.0,79.87986068952296,0,0
金城花园 ,26646.0,127.59888913908279,0,0
绿城西子郁金香岸 ,30220.0,137.32627399073462,0,0
佳境天城境合苑 ,32700.0,168.19571865443424,0,0
郡望府 ,32424.0,89.43992104613866,0,0
阳光城上府 ,50779.0,88.6193111325548,0,0
德信泊林春天 ,32625.0,88.88888888888889,0,0
绿城西子郁金香岸 ,29717.0,105.99993269845542,0,0
绿城丁香公馆 ,22204.0,117.096018735363,0,0
顺发康庄 ,34547.0,75.25979100934958,0,0
育才西苑 ,31982.0,73.47883184291163,0,0
中栋国际 ,18532.0,56.65875242823225,0,0
中栋国际 ,19263.0,60.21907283393033,0,0
中誉现代城 ,32189.0,46.5997701078008,0,0
摩卡商务馆 ,13735.0,53.148889697852205,0,0
保利霞飞郡 ,20293.0,68.98930665746809,0,0
绿城丁香公馆 ,23697.0,37.9794910748196,0,0
君悦丽景 ,38727.0,46.47920055775041,0,0
中誉现代城 ,30911.0,46.90886739348452,0,0
天汇园星云地带 ,17821.0,53.307895179844,0,0
风情街小区 ,28266.0,51.29837967876601,0,0
湘湖人家 ,31896.0,87.15826435916729,0,0
港汇中心 ,21629.0,129.45582320033287,0,0
绿都百瑞广场 ,23548.0,32.69916765755053,0,0
南江商业中心 ,22504.0,56.87877710629221,0,0
顺发康庄 ,30104.0,121.57852777039597,0,0
滨江金色江南 ,55817.0,89.57844384327356,0,0
顺发康庄 ,30173.0,122.62618897689988,0,0
泰和天辰国际广场 ,34949.0,156.79990843800968,0,0
林之语 ,22901.0,135.36526789223177,0,0
凯丽晶座 ,19231.0,56.15932608808694,0,0
明华明辉花园 ,21164.0,165.37516537516538,0,0
名扬阁 ,30079.0,89.09870673892084,0,0
明华明辉花园 ,19927.0,163.09529783710545,0,0
三江花园 ,30183.0,95.41795050193818,0,0
丽都公寓 ,21963.0,171.19701315849383,0,0
龙湖旭辉春江悦茗 ,46959.0,89.4397240145659,0,0
顺发康庄 ,34547.0,75.25979100934958,0,0
金城花园 ,24295.0,129.65630788228032,0,0
金昌春和钱塘 ,50000.0,86.0,0,0
绿都玫瑰苑 ,28241.0,107.99900853369215,0,0
德圣博奥城 ,49099.0,86.55980773539176,0,0
回澜北园 ,29720.0,84.11843876177659,0,0
金帝金色钱塘 ,36572.0,131.24794925079294,0,0
半岛花园 ,31851.0,89.47913723273994,0,0
顺发美哉美城 ,55336.0,88.54994940002891,0,0
德信泊林春天 ,32330.0,95.26755335601608,0,0
林之语 ,29590.0,91.24704291990537,0,0
海杰德大厦 ,24310.0,45.248868778280546,0,0
海杰德大厦 ,22277.0,49.37828253355479,0,0
海杰德大厦 ,22277.0,49.37828253355479,0,0
海杰德大厦 ,22277.0,49.37828253355479,0,0
南城景园 ,23224.0,114.10609714088874,0,0
泰和花园 ,27939.0,164.64440387988117,0,0
开元名郡 ,34626.0,89.5281002714723,0,0
里横河社区 ,25381.0,98.49887711280091,0,0
江南摩卡 ,30231.0,121.72935066653436,0,0
回澜南园 ,30041.0,87.87989747345294,0,0
潇湘公寓 ,24903.0,133.71882905674016,0,0
金昌春和钱塘 ,55198.0,86.95967245190043,0,0
南江商业中心 ,81593.0,10.049881730050371,0,0
通和戈雅公寓 ,25104.0,145.39515615041427,0,0
佳境天城佳合苑 ,38802.0,146.8996443482295,0,0
华瑞晴庐 ,44334.0,87.96860197591013,0,0
中国铁建青秀城 ,43217.0,87.92836152440012,0,0
回澜南园 ,29778.0,93.35751225737121,0,0
周家河头 ,28767.0,66.04790211005667,0,0
科尔南城嘉园 ,24712.0,84.97895759145355,0,0
林之语 ,28259.0,109.69956474043667,0,0
通和戈雅公寓 ,28834.0,123.11854061177776,0,0
郡望府 ,34078.0,90.96777979928399,0,0
顺发恒园 ,53461.0,85.66992761078168,0,0
奥兰多小镇 ,30739.0,135.00764501122353,0,0
丽晶国际 ,35904.0,82.99910873440285,0,0
德信泊林春天 ,33401.0,89.81767012963684,0,0
绿城西子郁金香岸 ,25674.0,159.6946327023448,0,0
湘湖人家 ,31128.0,89.30866101259316,0,0
佳境天城人合苑 ,37879.0,104.2794160352702,0,0
德圣博奥城 ,47394.0,84.39886905515466,0,0
金地天逸 ,43700.0,98.39816933638444,0,0
众安山水苑一期 ,21152.0,151.285930408472,0,0
众安嘉润公馆 ,29762.0,73.91976345675694,0,0
绿都百瑞广场 ,23351.0,36.82925784762965,0,0
之江绿洲嘉园 ,30686.0,276.99928306067915,0,0
汇宇花园 ,31429.0,139.9980909351236,0,0
湖畔宽邸 ,35009.0,242.79470993173183,0,0
太古广场 ,17526.0,48.499372361063564,0,0
威尼斯水城 ,33734.0,133.39657319025315,0,0
馨星大厦 ,30505.0,36.05966235043436,0,0
绿都泰富广场 ,22059.0,46.23963008295934,0,0
新世界柏丽轩 ,15324.0,68.51996867658575,0,0
众安嘉润公馆 ,29018.0,67.19966917085947,0,0
开元加州阳光小区 ,23229.0,51.659563476688625,0,0
凯丽晶座 ,19649.0,52.419970481958366,0,0
嘉富广场 ,20011.0,56.468942081854976,0,0
中栋国际 ,22944.0,56.659693165969315,0,0
南江商业中心 ,21875.0,48.0,0,0
众安恒隆广场 ,17858.0,55.99731212901781,0,0
众安嘉润公馆 ,34124.0,45.12952760520455,0,0
南润名座 ,20926.0,45.398069387365,0,0
众安嘉润公馆 ,32254.0,68.20859428287964,0,0
中栋国际 ,18369.0,51.71756764113452,0,0
中栋国际 ,22236.0,51.717934880374166,0,0
世纪晶钻 ,28847.0,46.79862724026762,0,0
嘉富广场 ,19761.0,70.84661707403471,0,0
海杰德大厦 ,21250.0,40.0,0,0
滨江金色江南 ,50531.0,88.65844728978252,0,0
心意广场 ,29109.0,201.999381634546,0,0
林之语 ,25135.0,139.24806047344342,0,0
萧然南路387号 ,29990.0,97.69923307769257,0,0
华瑞晴庐 ,30922.0,135.82562576806157,0,0
育才西苑 ,25822.0,123.92533498567113,0,0
开元广场 ,33668.0,81.67993346798147,0,0
潇湘公寓 ,25005.0,119.9760047990402,0,0
三江花园 ,27188.0,136.08945122848314,0,0
港汇中心 ,31230.0,89.65738072366314,0,0
万和国际 ,50725.0,137.99901429275505,0,0
德信泊林春天 ,33468.0,89.63786303334528,0,0
顺发旭辉国悦府 ,44518.0,163.97861539152703,0,0
中国铁建江南国际城 ,40860.0,118.69799314733235,0,0
南市花园 ,30486.0,136.12805878107983,0,0
怡景公寓 ,25525.0,155.92556317335945,0,0
通和戈雅公寓 ,29555.0,148.87497885298595,0,0
三江花园 ,28221.0,139.96669147089048,0,0
三江花园 ,27016.0,159.16493929523244,0,0
众安景海湾 ,32776.0,88.47937515255065,0,0
光明尚海湾 ,27304.0,130.0175798417814,0,0
湘湖人家 ,30475.0,134.53650533223953,0,0
金域三江 ,25845.0,100.59972915457536,0,0
新世界柏丽轩 ,30475.0,68.90894175553733,0,0
绿都湖滨花园 ,39012.0,139.1879421716395,0,0
得力名望府 ,28451.0,89.62778109732523,0,0
南市花园 ,30037.0,136.49831874022038,0,0
永泰名苑 ,31620.0,49.01960784313726,0,0
摩卡商务馆 ,14541.0,51.57829585310501,0,0
百富联合国际奥体之星 ,28544.0,51.149103139013455,0,0
憬天国际名座 ,16394.0,46.96840307429547,0,0
三水一生 ,22883.0,125.85762356334396,0,0
广宁小区 ,34872.0,74.55838495067677,0,0
竹林寺 ,31121.0,53.018861861765366,0,0
中栋国际 ,18949.0,51.717768747691174,0,0
绿都百瑞广场 ,20623.0,80.0077583280803,0,0
三江新村 ,25068.0,117.6799106430509,0,0
金马同盛 ,27246.0,168.0980694413859,0,0
通和戈雅公寓 ,28226.0,123.99914972011621,0,0
中新御景湾 ,28209.0,133.99978730192493,0,0
学士桥小区 ,22721.0,132.03644205800802,0,0
高桥小区 ,35121.0,74.02978275106062,0,0
科尔世纪外滩 ,28116.0,110.2575046237018,0,0
林之语 ,24631.0,129.91758353294628,0,0
三江花园 ,24476.0,142.9972217682628,0,0
佳境天城佳合苑 ,44266.0,101.65815750237202,0,0
韩家弄 ,31747.0,62.998078558603964,0,0
绿城丁香公馆 ,27500.0,169.52727272727273,0,0
广宁小区 ,32285.0,74.33792783026173,0,0
美之园东区 ,30249.0,121.65691427815796,0,0
绿都湖滨花园 ,41026.0,155.99863501194363,0,0
湘湖人家 ,29662.0,117.99608927246983,0,0
三水一生 ,23376.0,114.64750171115674,0,0
湘湖人家 ,25548.0,156.5680288085173,0,0
金域兰庭 ,29975.0,89.40783986655546,0,0
景苑公寓 ,23049.0,171.37402924204955,0,0
三江花园 ,27212.0,130.45715125679848,0,0
丽晶国际 ,45466.0,83.57893810759688,0,0
名扬阁 ,32344.0,86.56937917388078,0,0
金帝金色钱塘 ,35570.0,137.7565364070846,0,0
三水一生 ,24334.0,115.06534067559792,0,0
万科金辰之光 ,44073.0,88.48955142604315,0,0
高运高庄 ,29776.0,88.99785061794734,0,0
风情街小区 ,36936.0,47.37925059562487,0,0
风情街小区 ,36936.0,47.37925059562487,0,0
佳境天城成合苑 ,40055.0,110.3482711272001,0,0
绿城西子郁金香岸 ,34644.0,132.77912481237732,0,0
同和公寓 ,31389.0,107.99961770046832,0,0
蹓跶公寓 ,24685.0,95.19951387482277,0,0
华瑞湘湖林语 ,27951.0,129.22614575507137,0,0
商城东苑 ,28182.0,109.99929032715917,0,0
林之语 ,27143.0,139.99926316177283,0,0
顺发江南丽锦 ,44975.0,171.20622568093384,0,0
汇宇花园 ,30429.0,163.65966676525682,0,0
三江花园 ,25998.0,153.8579890760828,0,0
万和国际 ,53400.0,112.35955056179775,0,0
恒大帝景 ,36827.0,89.60816792027589,0,0
渔家浜 ,22957.0,125.01633488696258,0,0
文化路9号 ,28245.0,50.62842981058594,0,0
众安嘉润公馆 ,32874.0,73.91859828435845,0,0
众安嘉润公馆 ,36571.0,49.21932678898581,0,0
回澜南园 ,32319.0,58.78894767783657,0,0
众安景海湾 ,31122.0,89.9685110211426,0,0
顺发堤香 ,36361.0,137.50996947278676,0,0
绿城丁香公馆 ,26690.0,226.67665792431623,0,0
苏黎士小镇 ,29123.0,295.29924801703123,0,0
众安景海湾 ,33906.0,88.47991505928154,0,0
中国铁建江南国际城 ,43209.0,138.85995973061168,0,0
江南明城金座 ,26830.0,40.99888184867685,0,0
新世界柏丽轩 ,16177.0,67.99777461828522,0,0
中栋国际 ,25136.0,51.718650541056654,0,0
摩卡商务馆 ,11767.0,57.7887311974165,0,0
新世界柏丽轩 ,15324.0,68.51996867658575,0,0
萧山宝龙城市广场 ,23533.0,84.98703947647984,0,0
中栋国际 ,19335.0,51.719679337988104,0,0
中栋国际 ,22042.0,51.71944469648852,0,0
中栋国际 ,22236.0,51.717934880374166,0,0
新世界柏丽轩 ,14706.0,67.99945600435197,0,0
金鹭银座 ,19238.0,56.13889177669196,0,0
萧山宝龙城市广场 ,23989.0,33.34861811663679,0,0
隐龙湾 ,17044.0,64.53884064773527,0,0
保利霞飞郡 ,24054.0,47.80909620021618,0,0
中栋国际 ,22944.0,56.659693165969315,0,0
中栋国际 ,21269.0,51.71846349146645,0,0
中栋国际 ,20882.0,51.719183986208215,0,0
众安恒隆广场 ,20811.0,55.25923790303205,0,0
众安嘉润公馆 ,29086.0,73.91872378463866,0,0
众安嘉润公馆 ,30304.0,49.49841605068638,0,0
中国铁建江南国际城 ,45867.0,87.20866854165304,0,0
湘湖人家 ,32744.0,112.99780112387002,0,0
恒泰御庭园 ,33519.0,147.67743667770517,0,0
三江花园 ,25501.0,137.24951962668132,0,0
馨星大厦 ,29718.0,40.379567938623055,0,0
科尔南城嘉园 ,23420.0,136.63535439795046,0,0
奥兰多小镇 ,30371.0,134.9972012775345,0,0
索菲特世外桃源 ,107300.0,372.78657968313144,0,0
南江商业中心 ,18154.0,64.99944915721053,0,0
绿都世贸广场 ,35313.0,70.22909410132246,0,0
中国铁建青秀城 ,42755.0,66.65887030756636,0,0
中栋国际 ,34667.0,74.99927885308796,0,0
众安嘉润公馆 ,32650.0,64.31852986217459,0,0
南江商业中心 ,23136.0,36.73928077455049,0,0
南江商业中心 ,21376.0,64.55838323353294,0,0
萧山宝龙城市广场 ,23562.0,40.31915796621679,0,0
顺发康庄 ,34595.0,86.71773377655731,0,0
山河花园 ,33415.0,98.15950920245399,0,0
北干二苑新安寓 ,34573.0,80.98805426199635,0,0
文化路5号 ,24897.0,65.46973530947504,0,0
江南明城金座 ,18919.0,36.99984142925102,0,0
通和戈雅公寓 ,26931.0,148.1563996880918,0,0
林之语 ,35860.0,248.18739542665924,0,0
众安景海湾 ,25725.0,194.3634596695821,0,0
众安嘉润公馆 ,27335.0,278.031827327602,0,0
华瑞晴庐 ,35707.0,135.82770885260592,0,0
南城景园 ,24067.0,112.18681181701085,0,0
高运高庄 ,30097.0,88.04864272186596,0,0
香山四季公馆 ,16885.0,71.06899615042937,0,0
众安嘉润公馆 ,32223.0,44.9989138193216,0,0
绿城丁香公馆 ,18877.0,63.5694231074853,0,0
东信莱茵园 ,28000.0,249.32142857142858,0,0
顺发康庄 ,27781.0,122.38580324682337,0,0
绿城丁香公馆 ,22864.0,63.418474457662704,0,0
众安恒隆广场 ,17810.0,56.14823133071308,0,0
银通大厦 ,21625.0,32.369942196531795,0,0
开元加州阳光小区 ,17548.0,42.73991338044222,0,0
新农都公馆一区 ,21341.0,70.28724052293707,0,0
中栋国际 ,23215.0,55.998276976093045,0,0
保利霞飞郡 ,23023.0,47.778308647873864,0,0
中栋国际 ,20882.0,51.719183986208215,0,0
风情街小区 ,28896.0,54.67884828349945,0,0
馨星大厦 ,26679.0,43.47989055062034,0,0
通和戈雅公寓 ,30998.0,132.58919930318086,0,0
通和戈雅公寓 ,27231.0,166.35452241930153,0,0
萧杭路 ,26588.0,67.69971415676245,0,0
金帝高新科技广场 ,24157.0,204.9095500269073,0,0
广德小区 ,29992.0,101.02694051747133,0,0
华瑞中心 ,25176.0,95.32888465204957,0,0
顺发恒园 ,44777.0,133.99736471849386,0,0
新世纪广场 ,14302.0,362.1871066983639,0,0
恒泰御庭园 ,31066.0,135.196034249662,0,0
汇宇花园 ,40678.0,294.9997541668715,0,0
怡佳公寓 ,30449.0,155.99855496075403,0,0
颐和花园 ,38546.0,428.0599802832979,0,0
阳光华庭 ,26964.0,211.3929684023142,0,0
开元广场 ,33797.0,84.91877977335267,0,0
开元广场 ,34190.0,83.35770693185142,0,0
府尚别墅 ,56141.0,284.9967047256016,0,0
德信泊林春天 ,30617.0,89.81938138942418,0,0
佳境天城天合苑 ,26999.0,218.52661209674432,0,0
金地德圣中心 ,25366.0,49.27856185445084,0,0
金地德圣中心 ,31970.0,39.0991554582421,0,0
东方一品公寓 ,29914.0,234.0041452162867,0,0
众安景海湾 ,22268.0,336.80617927070233,0,0
绿都世贸广场 ,29000.0,194.82758620689654,0,0
绿城丁香公馆 ,25158.0,119.24636298592893,0,0
金帝金色钱塘 ,39736.0,105.69760418763842,0,0
恒安名座 ,16832.0,47.52851711026616,0,0
广德小区 ,28507.0,101.02781772897885,0,0
高运莱茵传奇 ,41995.0,121.91927610429813,0,0
绿城丁香公馆 ,19866.0,81.64703513540722,0,0
置地大厦 ,19810.0,136.29480060575466,0,0
佳境天城成合苑 ,42295.0,59.10864168341411,0,0
恒大帝景 ,32059.0,88.89859321875292,0,0
三江花园 ,26124.0,139.71826672791303,0,0
文化路87号 ,29839.0,70.37769362244043,0,0
南江商业中心 ,18088.0,38.69969040247678,0,0
保利霞飞郡 ,33146.0,40.728896397755385,0,0
三江花园 ,20136.0,223.4803337306317,0,0
风情街小区 ,27320.0,21.2298682284041,0,0
憬天国际名座 ,16004.0,117.34566358410397,0,0
憬天国际名座 ,16000.0,117.375,0,0
知稼苑 ,17500.0,176.0,0,0
通和戈雅公寓 ,29307.0,156.95908827242638,0,0
华瑞晴庐 ,34630.0,89.51775916835113,0,0
中国铁建青秀城 ,50562.0,88.99964400142399,0,0
尚美名府 ,27001.0,155.54979445205734,0,0
通和戈雅公寓 ,30770.0,129.99675008124797,0,0
相墅花园 ,22292.0,141.30629822357795,0,0
中粮云涛名苑 ,32399.0,85.18781443871724,0,0
金帝金色钱塘 ,37901.0,121.36882931848764,0,0
众安景海湾 ,24394.0,138.55866196605723,0,0
华瑞晴庐 ,37947.0,89.59865074972988,0,0
美之园西区 ,29208.0,100.99972610243769,0,0
金域兰庭 ,30283.0,89.15893405541063,0,0
新桥园 ,29351.0,57.23825423324588,0,0
美之园西区 ,29783.0,127.58956451667058,0,0
通和戈雅公寓 ,30583.0,132.4265114606154,0,0
新惠名苑 ,24459.0,139.00813606443435,0,0
三江新村 ,26667.0,119.99850001874977,0,0
得力名门世家 ,55587.0,89.94908881573029,0,0
金域兰庭 ,27897.0,129.04613399290247,0,0
中国铁建江南国际城 ,48481.0,123.75982343598523,0,0
沁园春公寓 ,35472.0,116.14794767704105,0,0
德圣博奥城 ,48247.0,141.97773954857297,0,0
美之园西区 ,28413.0,147.81966001478196,0,0
中新御景湾 ,29198.0,136.99568463593397,0,0
众安景海湾 ,28329.0,352.99516396625364,0,0
中国铁建江南国际城 ,48610.0,88.45916478090928,0,0
金帝金色钱塘 ,36744.0,105.86762464620074,0,0
奥兰多小镇 ,32702.0,133.01938719344383,0,0
中国铁建青秀城 ,51616.0,89.11965282083075,0,0
万科金辰之光 ,49928.0,89.12834481653582,0,0
中国铁建青秀城 ,46130.0,88.8792542813787,0,0
香山四季公馆 ,21053.0,79.79860352443832,0,0
德圣博奥城 ,39839.0,155.62639624488565,0,0
赵家弄 ,29329.0,52.8487162876334,0,0
香山四季公馆 ,16885.0,71.06899615042937,0,0
萧山宝龙城市广场 ,21192.0,84.93771234428085,0,0
府尚别墅 ,58671.0,303.3866816655588,0,0
顺发康庄 ,52632.0,246.99802401580789,0,0
高运莱茵传奇 ,42630.0,121.97982641332395,0,0
众安嘉润公馆 ,36084.0,71.49983372131693,0,0
市心南路12号 ,24464.0,56.81818181818182,0,0
奥兰多小镇 ,30114.0,175.99787474264463,0,0
天汇园星云地带 ,20701.0,32.84865465436452,0,0
绿都百瑞广场 ,22994.0,86.97921196833957,0,0
开元加州阳光小区 ,27170.0,191.38755980861245,0,0
金地德圣中心 ,43391.0,24.889954137954877,0,0
隐龙湾 ,17425.0,65.99713055954089,0,0
潘水南苑 ,26316.0,227.99817601459188,0,0
绿城西子郁金香岸 ,55556.0,215.99827201382388,0,0
万众名府 ,32008.0,126.99950012496876,0,0
林之语 ,20464.0,227.22830336200155,0,0
通和戈雅公寓 ,27609.0,137.6362780252816,0,0
佳境天城成合苑 ,36388.0,151.14873035066506,0,0
顺发和美家 ,61282.0,89.74902907868542,0,0
丽晶国际 ,28920.0,148.68603042876902,0,0
萧绍路小区 ,31134.0,40.14903321128027,0,0
中国铁建江南国际城 ,42123.0,118.69999762600004,0,0
南岸花城 ,32000.0,156.25,0,0
高运莱茵传奇 ,44986.0,122.03796736762548,0,0
金帝金色钱塘 ,39080.0,90.83930399181166,0,0
北干二苑新安寓 ,34202.0,63.73896263376411,0,0
开元广场 ,29914.0,240.68997793675203,0,0
南欣公寓 ,22161.0,144.39781598303327,0,0
佳境天城天合苑 ,34778.0,218.52895508654896,0,0
星河景庭公寓 ,33788.0,251.56860423819109,0,0
恒泰御庭园 ,26023.0,188.67924528301887,0,0
南岸花城 ,71652.0,320.9959247473902,0,0
建境巧克力公馆 ,21921.0,45.6183568267871,0,0
南岸花城 ,69500.0,402.8776978417266,0,0
湘湖人家 ,20455.0,241.99462234172574,0,0
绿城西子郁金香岸 ,42215.0,288.9968020845671,0,0
众安恒隆广场 ,28324.0,56.489196441180624,0,0
金马同盛 ,23291.0,167.44665321368768,0,0
绿城丁香公馆 ,21995.0,162.30961582177767,0,0
佳境天城人合苑 ,38194.0,104.72849138608159,0,0
沁茵园 ,32980.0,169.79987871437234,0,0
通和戈雅公寓 ,31650.0,138.38862559241707,0,0
威尼斯水城 ,34779.0,110.6989850196958,0,0
北干一苑 ,26209.0,171.696745392804,0,0
金马同盛 ,29994.0,90.01800360072015,0,0
九浪山花园 ,17864.0,89.56560680698611,0,0
湘湖人家 ,29966.0,118.46759660949076,0,0
中誉现代城 ,28997.0,53.72969617546643,0,0
龙湖旭辉春江悦茗 ,48045.0,89.49942761993964,0,0
湘湖家园 ,36800.0,125.0,0,0
保利霞飞郡 ,25116.0,47.778308647873864,0,0
湘湖家园 ,31876.0,100.38900740368929,0,0
南江商业中心 ,23136.0,36.73928077455049,0,0
顺发美哉美城 ,57719.0,81.42899218628182,0,0
华瑞晴庐 ,37021.0,88.5983630912185,0,0
中国铁建青秀城 ,40346.0,86.74961582312993,0,0
金地德圣中心 ,39374.0,24.88952100370803,0,0
香山四季公馆 ,17043.0,79.79815760136127,0,0
丽晶国际 ,38834.0,136.47834371942113,0,0
绿城丁香公馆 ,26357.0,257.99597829798535,0,0
萧山宝龙城市广场 ,22986.0,91.35995823544766,0,0
嘉利公寓 ,28698.0,45.299323994703464,0,0
正元都市阳光 ,17526.0,142.64521282665754,0,0
香山四季公馆 ,19048.0,79.79840403191936,0,0
开元广场 ,33034.0,83.24756311678877,0,0
开元加州阳光小区 ,28011.0,190.9963942736782,0,0
金地德圣中心 ,44828.0,89.2299455697332,0,0
南江商业中心 ,18588.0,64.55777921239509,0,0
开元名郡 ,32585.0,88.99800521712444,0,0
金帝金色钱塘 ,37327.0,113.8586010126718,0,0
三江花园 ,27143.0,139.99926316177283,0,0
湖畔宽邸 ,29902.0,210.68824827770717,0,0
知稼苑 ,19478.0,292.63784782831914,0,0
永泰名苑 ,30600.0,49.01960784313726,0,0
绿都泰富广场 ,16721.0,43.65767597631721,0,0
中新御景湾 ,30947.0,90.47726758651889,0,0
绿城丁香公馆 ,23641.0,63.449092677974704,0,0
香山四季公馆 ,18996.0,71.06759317751106,0,0
南江商业中心 ,24151.0,52.999875781541135,0,0
香山四季公馆 ,15854.0,81.99823388419327,0,0
美之园西区 ,30757.0,132.3276002210879,0,0
南城景园 ,19348.0,149.88629315691546,0,0
南城景园 ,18667.0,149.99732147640222,0,0
金域兰庭 ,29126.0,89.26732129368949,0,0
德信泊林春天 ,31824.0,106.83760683760684,0,0
港汇中心 ,21780.0,128.5583103764922,0,0
天林广场 ,14080.0,163.35227272727272,0,0
众安嘉润公馆 ,38244.0,91.51762367953143,0,0
顺发康庄 ,32683.0,122.38778569898724,0,0
明华明辉花园 ,22371.0,178.80291448750614,0,0
三水一生 ,20864.0,131.80598159509202,0,0
湘湖人家 ,25877.0,139.11968157050663,0,0
九悦江南 ,20082.0,129.4691763768549,0,0
三江花园 ,24603.0,142.25907409665487,0,0
鑫福浦园 ,21375.0,88.88888888888889,0,0
湘湖人家 ,29163.0,121.72958886259987,0,0
汇通大厦 ,19919.0,110.44731161202871,0,0
三江花园 ,28881.0,109.06824555936429,0,0
佳境天城佳合苑 ,36247.0,151.73669545065798,0,0
银河商务公馆 ,24043.0,54.069791623341516,0,0
众安景海湾 ,30257.0,137.15834352381268,0,0
泰和花园 ,28194.0,154.28814641413067,0,0
佳境天城人合苑 ,40009.0,181.95905921167738,0,0
高运高庄 ,30899.0,88.99964400142399,0,0
金地德圣中心 ,28410.0,49.278423090461104,0,0
众安恒隆广场 ,19591.0,56.14823133071308,0,0
新义名苑 ,21381.0,130.95739207707777,0,0
香山四季公馆 ,20023.0,90.89547020925936,0,0
嘉富广场 ,17154.0,136.99428704675293,0,0
龙发大厦 ,15034.0,103.09964081415458,0,0
绿都泰富广场 ,17179.0,43.65795447930613,0,0
湘湖九号 ,26653.0,56.27884290698983,0,0
知稼苑 ,16989.0,175.99623285655423,0,0
绿都百瑞广场 ,21250.0,40.0,0,0
南江商业中心 ,23136.0,36.73928077455049,0,0
鸿兴城巧克力公馆 ,22528.0,44.38920454545455,0,0
通和戈雅公寓 ,28419.0,263.9079489074211,0,0
北干一苑 ,40000.0,27.0,0,0
金城花园 ,25347.0,140.8450704225352,0,0
风情街小区 ,30053.0,59.2286959704522,0,0
绿城西子郁金香岸 ,29474.0,151.99837144602023,0,0
顺发和美家 ,58870.0,90.02887718702225,0,0
丽晶国际 ,32275.0,139.426800929512,0,0
德意空港国际 ,21846.0,132.74741371418108,0,0
中誉现代城 ,25049.0,140.52457183919518,0,0
顺发江南丽锦 ,42561.0,124.5271492681093,0,0
天乐云都 ,27521.0,239.8168671196541,0,0
林之语 ,19659.0,218.72933516455566,0,0
绿都四季花城 ,32618.0,147.15801091421915,0,0
佳境天城境合苑 ,34946.0,168.25960052652664,0,0
金马名仕园 ,27843.0,179.5783500341199,0,0
德意空港国际 ,24499.0,89.79958365647578,0,0
南江商业中心 ,15039.0,65.82884500299222,0,0
隐龙湾 ,16878.0,236.9949046095509,0,0
憬天国际名座 ,33040.0,45.39951573849879,0,0
香山四季公馆 ,20271.0,73.99733609590055,0,0
港汇中心 ,23838.0,109.06955281483346,0,0
新世界柏丽轩 ,14595.0,68.51661527920521,0,0
三水一生 ,22112.0,140.19536903039074,0,0
绿都世贸广场 ,20000.0,300.0,0,0
馨星大厦 ,29733.0,79.70941378266572,0,0
幸福时代公寓 ,23980.0,210.59216013344454,0,0
天汇园 ,15191.0,214.99572115068133,0,0
红枫小区 ,25646.0,128.6750370428137,0,0
南岸花城 ,22773.0,131.73494928204454,0,0
南城景园 ,22405.0,112.02856505244365,0,0
顺发和美家 ,65374.0,90.24994646189617,0,0
绿都御景蓝湾 ,25504.0,121.5495608531995,0,0
华瑞晴庐 ,39772.0,89.25877501760033,0,0
丽晶国际 ,35221.0,158.99605349081514,0,0
威尼斯水城 ,36940.0,94.74824038982133,0,0
威尼斯水城 ,40106.0,94.74891537425822,0,0
明华明辉花园 ,24397.0,114.76820920604992,0,0
佳境天城人合苑 ,37324.0,107.16964955524595,0,0
广和公寓 ,23309.0,154.44678021365138,0,0
市心南路12号 ,28616.0,64.99860218059827,0,0
南岸花城 ,28959.0,96.68842156151801,0,0
通和戈雅公寓 ,26200.0,156.4885496183206,0,0
潘水苑 ,36991.0,94.61760968884323,0,0
林之语 ,31558.0,129.9195132771405,0,0
南城景园 ,20374.0,122.7054088544223,0,0
保利霞飞郡 ,23992.0,69.18972990996998,0,0
众安恒隆广场 ,20481.0,56.149602070211415,0,0
绿都泰富广场 ,17741.0,101.45989515810834,0,0
高运莱茵传奇 ,63685.0,62.809138729685166,0,0
宝盛世纪中心 ,22917.0,47.99930182833704,0,0
金地天逸 ,42993.0,232.59600400065128,0,0
顺发恒园 ,43414.0,87.52936840650482,0,0
顺发美哉美城 ,66092.0,86.99993947830298,0,0
崇化住宅区 ,26873.0,55.81810739403863,0,0
丽晶国际 ,33303.0,96.08743957000871,0,0
世纪晶钻 ,28345.0,44.09948844593403,0,0
新世界柏丽轩 ,14595.0,68.51661527920521,0,0
顺发康庄 ,31390.0,121.0576616756929,0,0
顺发美哉美城 ,59932.0,116.79903891076553,0,0
鸿兴城巧克力公馆 ,14510.0,86.1474844934528,0,0
万科金辰之光 ,50300.0,78.52882703777335,0,0
三水一生 ,22743.0,123.11480455524777,0,0
世纪晶钻 ,22640.0,46.37809187279152,0,0
通和戈雅公寓 ,28864.0,159.3680709534368,0,0
泰和天辰国际广场 ,24821.0,112.80770315458685,0,0
三江新村 ,25428.0,125.05899008966493,0,0
新城香悦奥府 ,38305.0,115.38963581777836,0,0
湖畔宽邸中央郡 ,29469.0,206.9971834809461,0,0
港汇中心 ,27954.0,236.1021678471775,0,0
风情街小区 ,29171.0,54.84899386376881,0,0
天乐云都 ,36194.0,372.9899983422667,0,0
金帝金色钱塘 ,36675.0,130.879345603272,0,0
德信泊林春天 ,34646.0,95.24909080413323,0,0
中栋国际 ,23560.0,55.178268251273344,0,0
高运莱茵传奇 ,43034.0,92.94976065436632,0,0
新城香悦奥府 ,46275.0,86.4397622906537,0,0
万科金辰之光 ,48653.0,80.15949684500441,0,0
佳境天城境合苑 ,61761.0,58.28921163841259,0,0
华瑞晴庐 ,38816.0,90.16900247320693,0,0
丽晶国际 ,28889.0,134.9994807712278,0,0
萧山宝龙城市广场 ,25872.0,117.88806431663575,0,0
新世界柏丽轩 ,21886.0,68.53696426939597,0,0
恒安名座 ,16204.0,107.99802517896815,0,0
丽晶国际 ,29785.0,147.72536511666945,0,0
华瑞中心 ,24904.0,82.71763572116929,0,0
华瑞中心 ,24966.0,95.32964832171754,0,0
华瑞中心 ,24992.0,140.044814340589,0,0
绿城西子郁金香岸 ,21965.0,282.26724334167994,0,0
中国铁建青秀城 ,37210.0,128.9975812953507,0,0
绿都泰富广场 ,15493.0,48.40895888465759,0,0
萧山宝龙城市广场 ,30139.0,84.93977902385613,0,0
新世界柏丽轩 ,15000.0,68.0,0,0
新世界柏丽轩 ,16059.0,68.49741577931378,0,0
隐龙湾 ,20974.0,53.39944693429961,0,0
中栋国际 ,23202.0,51.719679337988104,0,0
众安嘉润公馆 ,27986.0,64.31787322232545,0,0
太古广场 ,20000.0,238.3,0,0
萧山宝龙城市广场 ,25848.0,117.99752398638192,0,0
新世界柏丽轩 ,15031.0,146.36418069323398,0,0
丽晶国际 ,34534.0,149.99710430300573,0,0
中栋国际 ,20860.0,55.129434324065194,0,0
保利霞飞郡 ,25727.0,47.809694095697125,0,0
空港新天地 ,14996.0,46.6791144305148,0,0
众安嘉润公馆 ,29412.0,67.99945600435197,0,0
众安恒隆广场 ,22797.0,56.14773873755318,0,0
通和戈雅公寓 ,29841.0,167.55470661170872,0,0
世纪晶钻 ,23718.0,46.37827810102032,0,0
萧山宝龙城市广场 ,21872.0,39.319678127286025,0,0
萧山宝龙城市广场 ,26890.0,33.4696913350688,0,0
萧山宝龙城市广场 ,22044.0,40.32843404100889,0,0
中栋国际 ,17789.0,51.71735342065321,0,0
萧山宝龙城市广场 ,23562.0,40.31915796621679,0,0
海杰德大厦 ,19442.0,49.377636045674315,0,0
金地德圣中心 ,24351.0,49.279290378218555,0,0
滨江金色江南 ,53048.0,88.59900467501132,0,0
顺发美哉美城 ,50588.0,116.62844943464853,0,0
绿都金域东方 ,24720.0,88.9967637540453,0,0
顺发和美家 ,60675.0,88.99876390605687,0,0
江湾绿苑 ,19948.0,216.5630639663124,0,0
天海阳光地带 ,26487.0,36.9992826669687,0,0
众安国泰花园 ,28778.0,142.46994231704775,0,0
风情街小区 ,28572.0,55.998880022399554,0,0
江湾绿苑 ,16491.0,236.49263234491542,0,0
奇景家苑 ,27114.0,31.349118536549383,0,0
金地天逸 ,43713.0,98.36890627502116,0,0
金城花园 ,26061.0,122.78884156402287,0,0
龙湖旭辉春江悦茗 ,49074.0,81.50955699555773,0,0
空港新天地 ,13549.0,46.49789652372869,0,0
新城香悦奥府 ,39994.0,129.01935290293545,0,0
顺发堤香 ,32564.0,132.0476599926299,0,0
南江商业中心 ,50184.0,16.33986928104575,0,0
滨江金色江南 ,59220.0,89.15906788247214,0,0
众安嘉润公馆 ,35886.0,62.69854539374686,0,0
东方一品公寓 ,34983.0,236.68639053254438,0,0
龙湖旭辉春江悦茗 ,45506.0,88.99925284577859,0,0
顺发江南丽锦 ,48233.0,114.02981361308647,0,0
龙湖旭辉春江悦茗 ,45615.0,116.18984983009975,0,0
金地天逸 ,41892.0,221.99942709825265,0,0
众安景海湾 ,28869.0,138.55692957844053,0,0
新城香悦奥府 ,37038.0,67.49824504562882,0,0
广德小区 ,28432.0,101.99774901519415,0,0
新城香悦奥府 ,37979.0,129.01866821137997,0,0
众安嘉润公馆 ,29506.0,62.699112045007794,0,0
东方一号 ,50033.0,183.87864009753562,0,0
通和戈雅公寓 ,19932.0,290.98936383704597,0,0
顺发康庄 ,32555.0,159.7296882199355,0,0
东方一品公寓 ,29171.0,267.38884508587296,0,0
万和国际 ,44638.0,172.49876786594382,0,0
恒大帝景 ,32847.0,136.9988126769568,0,0
明华明辉花园 ,22978.0,165.3755766385238,0,0
南岸花城 ,27925.0,96.68755595344673,0,0
中国铁建青秀城 ,40351.0,128.86917300686477,0,0
顺发和美家 ,38220.0,176.60910518053376,0,0
朝阳银座 ,20213.0,46.999455795775,0,0
徐家河公寓 ,25507.0,127.41600345003333,0,0
金马飞鸟集 ,24532.0,44.83939344529594,0,0
龙湖旭辉春江悦茗 ,45171.0,86.33858006242943,0,0
金城花园 ,21957.0,177.61989342806393,0,0
保利霞飞郡 ,27164.0,51.538801354734204,0,0
江湾绿苑 ,15878.0,132.25847084015618,0,0
名扬阁 ,44820.0,86.56849620705043,0,0
顺发美哉美城 ,58647.0,132.9991303903013,0,0
世纪晶钻 ,26952.0,46.37874740279015,0,0
明华明辉花园 ,27072.0,103.42789598108747,0,0
中粮云涛名苑 ,15282.0,52.34916895694281,0,0
顺发美哉美城 ,58537.0,133.24905615251893,0,0
朝阳银座 ,19917.0,57.739619420595474,0,0
华瑞晴庐 ,51850.0,86.78881388621022,0,0
顺发恒园 ,46151.0,88.83881172672315,0,0
通和戈雅公寓 ,35222.0,99.36971211174834,0,0
顺发康庄 ,35106.0,86.87973565772232,0,0
滨江金色江南 ,56933.0,89.57897879964169,0,0
顺发美哉美城 ,57318.0,81.99867406399386,0,0
南江商业中心 ,23136.0,36.73928077455049,0,0
红枫小区 ,26909.0,144.18967631647405,0,0
顺发堤香 ,42635.0,136.03846604902077,0,0
新义名苑 ,21583.0,138.99828568780984,0,0
万和国际 ,50215.0,74.67888081250622,0,0
绿城西子郁金香岸 ,31845.0,125.60841576385617,0,0
顺发堤香 ,37401.0,133.41889254298013,0,0
隐龙湾 ,15157.0,263.9044665830969,0,0
新城香悦奥府 ,39535.0,128.9996205893512,0,0
美之园西区 ,31116.0,109.26854351459056,0,0
顺发江南丽锦 ,41178.0,171.20792656272766,0,0
众安国泰花园 ,31188.0,150.69898678979095,0,0
金昌春和钱塘 ,49966.0,159.1081935716287,0,0
佳境天城佳合苑 ,39085.0,143.2774721760266,0,0
顺发江南丽锦 ,44975.0,171.20622568093384,0,0
顺发和美家 ,37454.0,173.5462166924761,0,0
萧山宝龙城市广场 ,25396.0,33.46983776972752,0,0
得力新和人家 ,24234.0,127.91945200957332,0,0
保利霞飞郡 ,46020.0,86.91873098652759,0,0
中誉现代城 ,28822.0,46.839220040247035,0,0
顺发美哉美城 ,59172.0,98.01933346853241,0,0
新城香悦奥府 ,35423.0,128.44761877875956,0,0
顺发美哉美城 ,58860.0,96.83995922528032,0,0
南城景园 ,24943.0,100.22852102794371,0,0
科尔南城臻园 ,21233.0,164.83775255498517,0,0
华瑞湘湖美地 ,31353.0,130.76898542404237,0,0
众安朝阳8号 ,34413.0,88.6292970679685,0,0
三水一生 ,22924.0,129.99476531146396,0,0
顺发美哉美城 ,64024.0,96.83868549294014,0,0
帝凯大厦 ,23941.0,284.0315776283363,0,0
金域兰庭 ,27906.0,91.37819823693829,0,0
恒瑞名座 ,20141.0,109.22992900054615,0,0
丽晶国际 ,30463.0,144.43751436168466,0,0
嘉富广场 ,20823.0,134.46669548095855,0,0
高桥小区 ,30446.0,57.4788149510609,0,0
南润名座 ,17042.0,133.78711418847553,0,0
梅和名府 ,24914.0,164.56610740948864,0,0
金帝金色钱塘 ,40172.0,112.01832121875934,0,0
金域兰庭 ,30899.0,88.99964400142399,0,0
通和戈雅公寓 ,27228.0,126.70780079330102,0,0
融创印时代 ,27339.0,138.99557408829878,0,0
竹林寺 ,29505.0,72.86900525334688,0,0
中国铁建江南国际城 ,40689.0,138.85816805524834,0,0
中国铁建江南国际城 ,47192.0,88.99813527716562,0,0
顺发美哉美城 ,58416.0,82.16926869350863,0,0
南岸花城 ,23861.0,79.62784459997485,0,0
金地天逸 ,42979.0,134.94962656180925,0,0
中粮云涛名苑 ,38503.0,85.18816715580604,0,0
金地德圣中心 ,23800.0,48.319327731092436,0,0
星河景庭公寓 ,33605.0,133.9086445469424,0,0
崇化住宅区 ,27919.0,57.30864285970128,0,0
萧山宝龙城市广场 ,23562.0,40.31915796621679,0,0
